date,energy,t_max,t_min,precip,snow,snow_depth
2018-01-01,6.504,30,12,0.0,0.0,0
2018-01-02,17.527,46,12,0.0,0.0,0
2018-01-03,11.227,50,20,0.0,0.0,0
2018-01-04,49.748,52,24,0.0,0.0,0
2018-01-05,2.956,62,25,0.0,0.0,0
2018-01-06,32.72,60,30,0.0,0.0,0
2018-01-07,30.612,55,30,0.0,0.0,0
2018-01-08,24.46,56,25,0.0,0.0,0
2018-01-09,45.80200000000001,67,36,0.0,0.0,0
2018-01-10,47.038,59,44,0.01,0.0,0
2018-01-11,60.38,47,20,0.0,0.0,0
2018-01-12,55.01,48,29,0.0,0.0,0
2018-01-13,28.524,52,21,0.0,0.0,0
2018-01-14,13.798,52,22,0.0,0.0,0
2018-01-15,4.099,38,16,0.06,1.7,2
2018-01-16,70.312,36,0,0.0,0.0,1
2018-01-17,44.852,52,14,0.0,0.0,0
2018-01-18,51.591,63,24,0.0,0.0,0
2018-01-19,34.904,69,38,0.0,0.0,0
2018-01-20,30.095,62,31,0.0,0.0,0
2018-01-21,31.312,32,24,0.67,7.1,7
2018-01-22,32.883,48,15,0.0,0.0,5
2018-01-23,92.306,44,19,0.0,0.0,4
2018-01-24,127.912,53,15,0.0,0.0,4
2018-01-25,47.482,53,28,0.0,0.0,4
2018-01-26,67.479,47,28,0.0,0.0,3
2018-01-27,44.806,45,20,0.0,0.0,3
2018-01-28,42.615,50,23,0.0,0.0,2
2018-01-29,45.185,59,23,0.0,0.0,1
2018-01-30,32.351,64,35,0.0,0.0,0
2018-01-31,45.487,59,24,0.0,0.0,0
2018-02-01,104.703,40,22,0.03,0.5,1
2018-02-02,128.53,52,23,0.0,0.0,0
2018-02-03,56.292,58,32,0.0,0.0,0
2018-02-04,24.391,50,15,0.02,0.3,0
2018-02-05,49.065,53,20,0.02,0.0,0
2018-02-06,54.661,49,22,0.0,0.0,0
2018-02-07,89.72800000000001,53,24,0.0,0.0,0
2018-02-08,113.269,60,35,0.0,0.0,0
2018-02-09,85.261,56,24,0.0,0.0,0
2018-02-10,30.805,24,10,0.3,4.1,4
2018-02-11,64.555,46,6,0.04,1.6,2
2018-02-12,115.167,32,15,0.0,0.1,0
2018-02-13,92.738,57,12,0.0,0.0,0
2018-02-14,46.618,63,41,0.0,0.0,0
2018-02-15,100.229,50,29,0.0,0.0,0
2018-02-16,87.573,41,14,0.04,0.6,0
2018-02-17,86.85,56,31,0.0,0.0,0
2018-02-18,88.649,66,36,0.0,0.0,0
2018-02-19,57.752,54,10,0.11,3.2,2
2018-02-20,79.457,15,-6,0.34,5.6,6
2018-02-21,82.2,19,-4,0.0,0.0,4
2018-02-22,130.412,30,7,0.0,0.0,4
2018-02-23,119.732,34,9,0.01,0.1,4
2018-02-24,107.963,37,16,0.13,2.4,4
2018-02-25,139.53900000000002,40,20,0.0,0.0,3
2018-02-26,59.702,52,22,0.0,0.0,2
2018-02-27,54.354,52,22,0.0,0.0,1
2018-02-28,96.746,48,25,0.0,0.0,0
2018-03-01,80.57300000000001,0,0,0.0,0.0,0
2018-03-02,59.693,53,20,0.0,0.0,0
2018-03-03,118.77,69,31,0.0,0.0,0
2018-03-04,106.203,68,30,0.0,0.0,0
2018-03-05,37.125,67,31,0.0,0.0,0
2018-03-06,84.595,45,24,0.0,0.0,0
2018-03-07,75.41499999999999,51,20,0.0,0.0,0
2018-03-08,101.001,52,17,0.0,0.0,0
2018-03-09,58.271,65,25,0.0,0.0,0
2018-03-10,76.535,64,40,0.0,0.0,0
2018-03-11,47.348,57,39,0.0,0.0,0
2018-03-12,44.817,51,19,0.0,0.0,0
2018-03-13,84.037,56,22,0.0,0.0,0
2018-03-14,73.084,57,23,0.0,0.0,0
2018-03-15,114.374,66,30,0.0,0.0,0
2018-03-16,90.393,65,35,0.0,0.0,0
2018-03-17,72.96000000000001,52,31,0.32,0.1,0
2018-03-18,89.713,61,27,0.0,0.0,0
2018-03-19,105.595,54,28,0.25,0.2,0
2018-03-20,57.291,45,27,0.36,0.8,0
2018-03-21,92.561,51,25,0.0,0.0,0
2018-03-22,114.123,60,27,0.0,0.0,0
2018-03-23,159.635,72,38,0.0,0.0,0
2018-03-24,96.665,70,51,0.0,0.0,0
2018-03-25,113.27,64,31,0.0,0.0,0
2018-03-26,76.658,62,31,0.0,0.0,0
2018-03-27,35.686,56,35,0.1,0.0,0
2018-03-28,87.76,47,26,0.61,3.0,0
2018-03-29,53.177,47,29,0.39,1.5,1
2018-03-30,87.954,47,24,0.19,1.2,0
2018-03-31,80.16499999999999,63,25,0.01,0.0,0
2018-04-01,41.9,59,31,0.0,0.0,0
2018-04-02,34.906,49,24,0.02,0.1,0
2018-04-03,75.678,74,31,0.0,0.0,0
2018-04-04,114.364,65,30,0.0,0.0,0
2018-04-05,184.743,62,23,0.0,0.0,0
2018-04-06,142.745,65,37,0.0,0.0,0
2018-04-07,139.987,58,24,0.38,4.1,4
2018-04-08,63.331,50,22,0.02,0.1,0
2018-04-09,83.379,62,41,0.0,0.0,0
2018-04-10,137.389,57,33,0.04,0.0,0
2018-04-11,86.831,69,35,0.0,0.0,0
2018-04-12,161.519,76,52,0.0,0.0,0
2018-04-13,108.024,76,40,0.0,0.0,0
2018-04-14,211.762,69,35,0.01,0.0,0
2018-04-15,94.424,57,28,0.0,0.0,0
2018-04-16,93.339,59,28,0.0,0.0,0
2018-04-17,100.696,65,31,0.0,0.0,0
2018-04-18,118.075,69,43,0.0,0.0,0
2018-04-19,94.8,56,28,0.0,0.0,0
2018-04-20,123.814,61,27,0.0,0.0,0
2018-04-21,106.345,58,35,0.03,0.0,0
2018-04-22,73.921,46,32,0.37,0.7,0
2018-04-23,56.513,64,29,0.0,0.0,0
2018-04-24,84.89099999999999,71,35,0.0,0.0,0
2018-04-25,82.58200000000001,68,33,0.48,1.0,0
2018-04-26,110.691,66,27,0.0,0.0,0
2018-04-27,200.485,66,41,0.0,0.0,0
2018-04-28,145.247,72,34,0.0,0.0,0
2018-04-29,90.073,73,38,0.0,0.0,0
2018-04-30,102.739,81,47,0.0,0.0,0
2018-05-01,127.434,76,43,0.0,0.0,0
2018-05-02,100.454,67,45,0.0,0.0,0
2018-05-03,112.05,57,42,0.24,0.0,0
2018-05-04,184.589,53,38,1.44,0.0,0
2018-05-05,117.311,69,37,0.02,0.0,0
2018-05-06,134.29,75,47,0.0,0.0,0
2018-05-07,145.261,75,43,0.0,0.0,0
2018-05-08,72.889,82,46,0.0,0.0,0
2018-05-09,101.827,82,47,0.0,0.0,0
2018-05-10,85.825,76,46,0.0,0.0,0
2018-05-11,167.084,84,45,0.0,0.0,0
2018-05-12,154.791,84,49,0.0,0.0,0
2018-05-13,170.949,64,51,0.44,0.0,0
2018-05-14,86.11,57,49,0.28,0.0,0
2018-05-15,125.498,64,49,0.65,0.0,0
2018-05-16,179.488,71,41,0.01,0.0,0
2018-05-17,157.408,81,44,0.0,0.0,0
2018-05-18,112.831,78,42,0.0,0.0,0
2018-05-19,140.824,75,48,0.51,0.0,0
2018-05-20,74.895,53,44,0.39,0.0,0
2018-05-21,137.935,51,41,0.42,0.0,0
2018-05-22,128.765,75,40,0.01,0.0,0
2018-05-23,148.6,77,47,0.0,0.0,0
2018-05-24,228.358,74,46,0.04,0.0,0
2018-05-25,137.22,82,48,0.0,0.0,0
2018-05-26,192.133,86,48,0.0,0.0,0
2018-05-27,188.716,86,50,0.0,0.0,0
2018-05-28,66.914,80,54,0.0,0.0,0
2018-05-29,180.733,79,52,0.07,0.0,0
2018-05-30,155.45,73,49,0.0,0.0,0
2018-05-31,143.799,82,45,0.24,0.0,0
2018-06-01,128.578,87,50,0.0,0.0,0
2018-06-02,142.15800000000002,87,50,0.0,0.0,0
2018-06-03,139.953,79,48,0.0,0.0,0
2018-06-04,122.274,77,44,0.0,0.0,0
2018-06-05,143.179,90,51,0.0,0.0,0
2018-06-06,155.30100000000002,91,53,0.0,0.0,0
2018-06-07,111.409,84,53,0.0,0.0,0
2018-06-08,190.504,90,53,0.0,0.0,0
2018-06-09,147.389,91,51,0.0,0.0,0
2018-06-10,92.608,91,52,0.0,0.0,0
2018-06-11,150.136,94,54,0.0,0.0,0
2018-06-12,121.868,91,60,0.0,0.0,0
2018-06-13,187.467,82,49,0.0,0.0,0
2018-06-14,123.863,90,52,0.0,0.0,0
2018-06-15,116.346,95,56,0.0,0.0,0
2018-06-16,116.113,89,62,0.02,0.0,0
2018-06-17,54.924,84,57,0.26,0.0,0
2018-06-18,92.528,73,55,0.42,0.0,0
2018-06-19,187.779,73,55,0.52,0.0,0
2018-06-20,132.894,73,57,0.44,0.0,0
2018-06-21,99.181,76,48,0.0,0.0,0
2018-06-22,123.327,81,50,0.0,0.0,0
2018-06-23,151.419,86,53,0.01,0.0,0
2018-06-24,108.247,85,50,0.0,0.0,0
2018-06-25,163.558,85,54,0.02,0.0,0
2018-06-26,125.429,82,46,0.0,0.0,0
2018-06-27,131.867,97,51,0.0,0.0,0
2018-06-28,135.278,97,65,0.0,0.0,0
2018-06-29,138.265,98,57,0.0,0.0,0
2018-06-30,141.82,90,72,0.0,0.0,0
2018-07-01,112.167,79,53,0.13,0.0,0
2018-07-02,117.721,87,46,0.0,0.0,0
2018-07-03,35.357,92,51,0.0,0.0,0
2018-07-04,97.321,90,56,0.0,0.0,0
2018-07-05,88.30799999999999,87,55,0.0,0.0,0
2018-07-06,101.999,84,58,0.24,0.0,0
2018-07-07,82.697,87,53,0.0,0.0,0
2018-07-08,106.994,96,57,0.0,0.0,0
2018-07-09,100.655,96,60,0.0,0.0,0
2018-07-10,220.406,93,60,0.0,0.0,0
2018-07-11,121.209,97,57,0.0,0.0,0
2018-07-12,75.531,95,58,0.0,0.0,0
2018-07-13,74.565,92,61,0.05,0.0,0
2018-07-14,102.115,88,55,0.0,0.0,0
2018-07-15,96.305,94,57,0.0,0.0,0
2018-07-16,151.997,93,61,0.45,0.0,0
2018-07-17,123.808,85,54,0.02,0.0,0
2018-07-18,86.012,84,61,0.0,0.0,0
2018-07-19,158.893,94,60,0.0,0.0,0
2018-07-20,78.031,97,61,0.0,0.0,0
2018-07-21,182.7,94,60,0.0,0.0,0
2018-07-22,117.447,93,60,0.05,0.0,0
2018-07-23,120.525,94,63,0.11,0.0,0
2018-07-24,141.64,78,63,0.31,0.0,0
2018-07-25,169.395,86,57,0.11,0.0,0
2018-07-26,98.658,82,58,0.03,0.0,0
2018-07-27,131.949,81,55,0.07,0.0,0
2018-07-28,140.422,80,56,0.35,0.0,0
2018-07-29,108.193,77,56,0.01,0.0,0
2018-07-30,143.285,75,52,0.04,0.0,0
2018-07-31,172.116,77,51,0.0,0.0,0
2018-08-01,118.379,84,48,0.0,0.0,0
2018-08-02,168.165,85,52,0.0,0.0,0
2018-08-03,196.872,91,53,0.0,0.0,0
2018-08-04,83.46600000000001,86,65,0.01,0.0,0
2018-08-05,69.67699999999999,86,63,0.0,0.0,0
2018-08-06,125.541,86,61,0.01,0.0,0
2018-08-07,146.095,83,57,0.0,0.0,0
2018-08-08,113.035,88,54,0.0,0.0,0
2018-08-09,145.962,84,53,0.0,0.0,0
2018-08-10,146.657,90,55,0.0,0.0,0
2018-08-11,127.24,89,55,0.0,0.0,0
2018-08-12,195.376,92,53,0.0,0.0,0
2018-08-13,113.723,90,52,0.0,0.0,0
2018-08-14,89.403,90,51,0.0,0.0,0
2018-08-15,195.131,84,55,0.01,0.0,0
2018-08-16,169.67,88,54,0.04,0.0,0
2018-08-17,189.589,88,54,0.0,0.0,0
2018-08-18,95.974,87,57,0.0,0.0,0
2018-08-19,57.146,85,56,0.0,0.0,0
2018-08-20,178.54399999999998,79,51,0.16,0.0,0
2018-08-21,180.123,77,47,0.0,0.0,0
2018-08-22,215.102,76,51,0.0,0.0,0
2018-08-23,220.954,80,55,0.01,0.0,0
2018-08-24,209.496,89,56,0.0,0.0,0
2018-08-25,149.436,89,56,0.0,0.0,0
2018-08-26,82.723,90,60,0.0,0.0,0
2018-08-27,147.446,94,56,0.0,0.0,0
2018-08-28,155.187,90,64,0.0,0.0,0
2018-08-29,146.43,86,49,0.0,0.0,0
2018-08-30,102.392,90,46,0.0,0.0,0
2018-08-31,160.541,90,56,0.0,0.0,0
2018-09-01,71.117,89,59,0.0,0.0,0
2018-09-02,96.751,81,54,0.0,0.0,0
2018-09-03,121.691,80,51,0.0,0.0,0
2018-09-04,196.063,80,54,0.0,0.0,0
2018-09-05,88.227,83,51,0.0,0.0,0
2018-09-06,106.784,76,54,0.96,0.0,0
2018-09-07,198.333,73,48,0.05,0.0,0
2018-09-08,133.447,78,48,0.0,0.0,0
2018-09-09,156.028,81,48,0.0,0.0,0
2018-09-10,171.024,87,54,0.0,0.0,0
2018-09-11,114.604,88,52,0.0,0.0,0
2018-09-12,154.918,91,55,0.0,0.0,0
2018-09-13,151.725,91,55,0.0,0.0,0
2018-09-14,152.079,94,59,0.0,0.0,0
2018-09-15,127.469,92,55,0.0,0.0,0
2018-09-16,118.532,93,52,0.0,0.0,0
2018-09-17,77.527,91,58,0.0,0.0,0
2018-09-18,113.713,92,60,0.0,0.0,0
2018-09-19,106.434,90,55,0.0,0.0,0
2018-09-20,165.499,83,57,0.0,0.0,0
2018-09-21,148.672,83,57,0.01,0.0,0
2018-09-22,94.547,77,51,0.0,0.0,0
2018-09-23,132.138,86,43,0.0,0.0,0
2018-09-24,223.984,88,52,0.0,0.0,0
2018-09-25,112.809,82,51,0.0,0.0,0
2018-09-26,215.36,71,44,0.0,0.0,0
2018-09-27,194.512,72,36,0.0,0.0,0
2018-09-28,219.748,80,45,0.0,0.0,0
2018-09-29,127.026,64,42,0.0,0.0,0
2018-09-30,110.033,84,37,0.0,0.0,0
2018-10-01,152.538,73,40,0.0,0.0,0
2018-10-02,119.253,67,39,0.0,0.0,0
2018-10-03,235.891,82,48,0.0,0.0,0
2018-10-04,171.041,85,61,0.0,0.0,0
2018-10-05,177.346,74,43,0.03,0.0,0
2018-10-06,192.513,74,41,0.15,0.0,0
2018-10-07,138.701,54,39,0.03,0.0,0
2018-10-08,130.17,51,39,0.05,0.0,0
2018-10-09,224.238,44,37,0.78,0.0,0
2018-10-10,189.421,38,34,0.26,0.0,0
2018-10-11,285.12,38,30,0.33,0.9,0
2018-10-12,297.353,41,31,0.09,0.0,0
2018-10-13,153.755,63,31,0.0,0.0,0
2018-10-14,36.773,66,34,0.0,0.0,0
2018-10-15,178.578,54,20,0.68,8.9,7
2018-10-16,295.121,47,13,0.0,0.0,2
2018-10-17,155.579,58,26,0.0,0.0,0
2018-10-18,163.573,62,31,0.0,0.0,0
2018-10-19,236.634,68,31,0.0,0.0,0
2018-10-20,121.713,69,47,0.0,0.0,0
2018-10-21,132.497,70,34,0.0,0.0,0
2018-10-22,141.0,78,38,0.0,0.0,0
2018-10-23,86.791,72,41,0.0,0.0,0
2018-10-24,256.271,64,42,0.0,0.0,0
2018-10-25,218.644,65,44,0.0,0.0,0
2018-10-26,181.268,69,40,0.0,0.0,0
2018-10-27,171.958,71,39,0.0,0.0,0
2018-10-28,118.751,76,50,0.0,0.0,0
2018-10-29,163.324,78,36,0.0,0.0,0
2018-10-30,212.047,79,50,0.0,0.0,0
2018-10-31,352.152,66,33,0.1,0.1,0
2018-11-01,282.841,49,32,0.18,0.2,0
2018-11-02,174.14,57,31,0.0,0.0,0
2018-11-03,190.41,64,31,0.0,0.0,0
2018-11-04,105.874,58,38,0.13,0.0,0
2018-11-05,202.288,57,27,0.0,0.0,0
2018-11-06,157.601,54,36,0.0,0.0,0
2018-11-07,240.909,52,31,0.0,0.0,0
2018-11-08,202.702,44,23,0.0,0.0,0
2018-11-09,260.837,40,21,0.0,0.0,0
2018-11-10,167.016,42,17,0.0,0.0,0
2018-11-11,164.873,58,28,0.0,0.0,0
2018-11-12,128.237,42,22,0.64,12.6,11
2018-11-13,216.788,30,12,0.06,1.6,7
2018-11-14,341.852,51,11,0.0,0.0,3
2018-11-15,167.017,61,27,0.0,0.0,3
2018-11-16,242.254,64,37,0.0,0.0,0
2018-11-17,116.151,65,29,0.0,0.0,0
2018-11-18,107.14,49,22,0.31,1.7,2
2018-11-19,308.222,47,12,0.05,0.5,1
2018-11-20,114.511,49,24,0.0,0.0,1
2018-11-21,128.561,57,21,0.0,0.0,0
2018-11-22,64.099,62,27,0.0,0.0,0
2018-11-23,94.894,62,29,0.0,0.0,0
2018-11-24,106.879,51,34,0.0,0.0,0
2018-11-25,60.826,58,27,0.0,0.0,0
2018-11-26,254.624,46,20,0.0,0.0,0
2018-11-27,141.978,54,19,0.0,0.0,0
2018-11-28,176.578,58,28,0.0,0.0,0
2018-11-29,232.494,59,44,0.0,0.0,0
2018-11-30,255.898,52,31,0.0,0.0,0
2018-12-01,182.948,36,24,0.0,0.0,0
2018-12-02,219.952,47,22,0.0,0.0,0
2018-12-03,237.244,38,15,0.0,0.0,0
2018-12-04,205.435,34,21,0.16,2.5,1
2018-12-05,212.221,40,13,0.0,0.0,1
2018-12-06,216.847,48,13,0.0,0.0,1
2018-12-07,376.283,32,17,0.04,0.5,1
2018-12-08,229.158,44,16,0.0,0.0,0
2018-12-09,256.704,49,19,0.0,0.0,0
2018-12-10,231.152,47,21,0.0,0.0,0
2018-12-11,267.634,54,18,0.0,0.0,0
2018-12-12,255.523,57,32,0.0,0.0,0
2018-12-13,321.472,55,26,0.0,0.0,0
2018-12-14,263.087,47,19,0.0,0.0,0
2018-12-15,156.788,55,23,0.0,0.0,0
2018-12-16,131.178,56,22,0.0,0.0,0
2018-12-17,238.754,59,28,0.0,0.0,0
2018-12-18,332.845,59,26,0.0,0.0,0
2018-12-19,456.607,57,31,0.0,0.0,0
2018-12-20,309.483,50,35,0.0,0.0,0
2018-12-21,368.906,48,21,0.0,0.0,0
2018-12-22,128.252,63,25,0.0,0.0,0
2018-12-23,268.075,50,25,0.01,0.0,0
2018-12-24,138.952,50,15,0.0,0.0,0
2018-12-25,57.609,50,26,0.0,0.0,0
2018-12-26,122.241,44,22,0.0,0.0,0
2018-12-27,212.538,40,17,0.0,0.1,0
2018-12-28,211.486,34,18,0.0,0.0,0
2018-12-29,118.31,23,13,0.0,0.0,0
2018-12-30,105.921,37,5,0.0,0.0,0
2018-12-31,148.549,50,21,0.0,0.0,0
2019-01-01,92.614,42,9,0.13,2.6,3
2019-01-02,146.599,13,2,0.03,0.6,2
2019-01-03,211.377,41,1,0.0,0.0,2
2019-01-04,182.556,56,22,0.0,0.0,1
2019-01-05,143.206,61,17,0.0,0.0,0
2019-01-06,176.258,60,32,0.0,0.0,0
2019-01-07,250.483,57,30,0.0,0.0,0
2019-01-08,180.691,51,34,0.0,0.0,0
2019-01-09,325.213,46,23,0.0,0.0,0
2019-01-10,232.112,50,23,0.0,0.0,0
2019-01-11,213.007,58,29,0.0,0.0,0
2019-01-12,135.764,45,32,0.63,1.9,2
2019-01-13,176.142,39,29,0.14,1.4,2
2019-01-14,277.524,41,18,0.0,0.0,2
2019-01-15,280.076,51,17,0.0,0.0,1
2019-01-16,302.215,51,23,0.0,0.0,1
2019-01-17,246.566,53,29,0.0,0.0,0
2019-01-18,225.574,57,32,0.0,0.0,0
2019-01-19,187.455,50,31,0.22,1.5,1
2019-01-20,150.899,51,20,0.0,0.0,0
2019-01-21,119.411,54,35,0.0,0.0,0
2019-01-22,181.854,51,23,0.0,0.0,0
2019-01-23,268.233,44,23,0.17,2.2,2
2019-01-24,236.798,45,15,0.0,0.0,1
2019-01-25,404.82,37,19,0.18,2.9,3
2019-01-26,260.809,41,13,0.0,0.0,2
2019-01-27,147.98,48,21,0.0,0.0,2
2019-01-28,261.714,53,31,0.0,0.0,0
2019-01-29,326.282,49,18,0.2,4.0,4
2019-01-30,358.096,32,7,0.0,0.0,2
2019-01-31,393.175,49,7,0.0,0.0,2
2019-02-01,330.697,50,23,0.0,0.0,1
2019-02-02,260.01,59,24,0.0,0.0,0
2019-02-03,130.66,59,30,0.0,0.0,0
2019-02-04,237.225,63,36,0.0,0.0,0
2019-02-05,283.394,54,37,0.0,0.0,0
2019-02-06,161.32999999999998,47,16,0.0,0.0,0
2019-02-07,343.206,37,12,0.29,5.7,5
2019-02-08,321.551,20,-9,0.08,1.8,5
2019-02-09,217.838,33,-4,0.0,0.0,4
2019-02-10,236.35,44,11,0.0,0.0,3
2019-02-11,254.25,32,18,0.0,0.0,3
2019-02-12,287.476,36,9,0.0,0.0,2
2019-02-13,279.502,50,19,0.0,0.0,1
2019-02-14,303.575,57,31,0.0,0.0,0
2019-02-15,409.217,56,36,0.0,0.0,0
2019-02-16,172.069,57,21,0.01,0.1,0
2019-02-17,115.907,52,18,0.0,0.0,0
2019-02-18,199.973,36,21,0.0,0.0,0
2019-02-19,329.215,25,7,0.12,4.2,2
2019-02-20,314.516,20,12,0.06,0.6,2
2019-02-21,280.068,35,7,0.0,0.0,0
2019-02-22,221.498,34,10,0.0,0.0,0
2019-02-23,169.814,29,20,0.06,1.1,1
2019-02-24,138.721,41,15,0.11,1.0,1
2019-02-25,228.457,47,28,0.0,0.0,0
2019-02-26,246.715,54,15,0.0,0.0,0
2019-02-27,259.526,52,20,0.0,0.0,0
2019-02-28,256.302,45,15,0.01,0.1,0
2019-03-01,236.736,55,29,0.0,0.0,0
2019-03-02,156.66,0,0,0.0,0.0,0
2019-03-03,183.383,54,28,0.0,0.0,0
2019-03-04,282.962,40,14,0.14,3.0,3
2019-03-05,317.335,14,-2,0.38,4.5,6
2019-03-06,174.355,22,-5,0.01,0.1,4
2019-03-07,229.403,32,3,0.0,0.0,4
2019-03-08,218.226,43,15,0.0,0.0,3
2019-03-09,193.455,53,26,0.09,0.1,0
2019-03-10,156.203,46,25,0.0,0.0,0
2019-03-11,169.588,50,28,0.1,0.0,0
2019-03-12,153.834,49,22,0.0,0.0,0
2019-03-13,27.123,53,25,0.0,0.0,0
2019-03-14,120.718,59,29,0.0,0.0,0
2019-03-15,211.001,54,29,1.3,3.1,3
2019-03-16,271.964,36,25,0.0,0.0,2
2019-03-17,177.725,49,14,0.0,0.0,0
2019-03-18,332.139,51,23,0.0,0.0,0
2019-03-19,314.623,54,23,0.0,0.0,0
2019-03-20,376.424,49,28,0.0,0.0,0
2019-03-21,249.68,49,28,0.0,0.0,0
2019-03-22,327.036,60,21,0.0,0.0,0
2019-03-23,111.358,59,30,0.0,0.0,0
2019-03-24,219.794,57,33,0.06,0.0,0
2019-03-25,248.003,52,33,0.04,0.0,0
2019-03-26,237.245,58,28,0.0,0.0,0
2019-03-27,157.736,60,30,0.0,0.0,0
2019-03-28,93.15,70,31,0.0,0.0,0
2019-03-29,164.888,74,41,0.0,0.0,0
2019-03-30,138.206,64,35,0.0,0.0,0
2019-03-31,115.083,54,36,0.27,0.0,0
2019-04-01,279.879,42,26,0.44,5.4,0
2019-04-02,325.042,51,26,0.0,0.0,0
2019-04-03,246.004,59,27,0.0,0.0,0
2019-04-04,175.721,55,33,0.0,0.0,0
2019-04-05,253.085,58,33,0.0,0.0,0
2019-04-06,164.919,65,34,0.0,0.0,0
2019-04-07,165.357,69,33,0.0,0.0,0
2019-04-08,259.836,70,40,0.0,0.0,0
2019-04-09,227.892,70,41,0.0,0.0,0
2019-04-10,137.726,76,45,0.0,0.0,0
2019-04-11,141.965,78,44,0.0,0.0,0
2019-04-12,261.928,73,25,0.54,2.7,3
2019-04-13,234.315,43,16,0.24,2.5,1
2019-04-14,302.685,43,25,0.0,0.0,0
2019-04-15,224.216,48,28,0.1,0.8,0
2019-04-16,267.127,65,26,0.0,0.0,0
2019-04-17,228.716,72,43,0.0,0.0,0
2019-04-18,261.623,71,38,0.0,0.0,0
2019-04-19,246.548,64,40,0.0,0.0,0
2019-04-20,180.518,63,44,0.0,0.0,0
2019-04-21,83.33,72,35,0.0,0.0,0
2019-04-22,183.778,79,47,0.0,0.0,0
2019-04-23,240.532,71,46,0.19,0.0,0
2019-04-24,147.222,48,38,0.32,0.0,0
2019-04-25,205.627,65,40,0.0,0.0,0
2019-04-26,271.731,72,40,0.0,0.0,0
2019-04-27,294.773,70,41,0.0,0.0,0
2019-04-28,146.473,74,38,0.0,0.0,0
2019-04-29,215.096,66,42,0.02,0.0,0
2019-04-30,230.12,76,41,0.0,0.0,0
2019-05-01,204.663,57,29,0.12,1.4,1
2019-05-02,196.208,37,29,0.34,2.8,1
2019-05-03,189.432,45,33,0.11,0.0,0
2019-05-04,239.048,59,32,0.14,0.0,0
2019-05-05,199.175,68,35,0.0,0.0,0
2019-05-06,275.163,70,36,0.0,0.0,0
2019-05-07,180.82,75,44,0.0,0.0,0
2019-05-08,279.049,71,43,0.0,0.0,0
2019-05-09,200.789,61,43,0.34,0.0,0
2019-05-10,297.702,49,38,0.6,0.0,0
2019-05-11,158.761,39,31,0.52,2.3,0
2019-05-12,189.74,52,34,0.0,0.0,0
2019-05-13,247.168,64,32,0.0,0.0,0
2019-05-14,373.896,71,34,0.0,0.0,0
2019-05-15,342.974,78,44,0.0,0.0,0
2019-05-16,301.071,82,47,0.0,0.0,0
2019-05-17,271.043,79,46,0.0,0.0,0
2019-05-18,201.829,81,52,0.0,0.0,0
2019-05-19,188.273,71,48,0.1,0.0,0
2019-05-20,302.417,65,37,0.0,0.0,0
2019-05-21,310.545,62,36,0.01,0.0,0
2019-05-22,237.653,46,35,0.39,0.0,0
2019-05-23,369.513,43,31,0.89,5.1,2
2019-05-24,276.424,47,32,0.04,0.0,0
2019-05-25,247.072,45,37,0.32,0.0,0
2019-05-26,225.873,70,34,0.02,0.0,0
2019-05-27,151.669,74,39,0.0,0.0,0
2019-05-28,183.143,75,43,0.0,0.0,0
2019-05-29,188.527,67,42,0.05,0.0,0
2019-05-30,207.651,61,41,0.21,0.0,0
2019-05-31,187.644,61,39,0.14,0.0,0
2019-06-01,244.263,70,38,0.0,0.0,0
2019-06-02,173.59199999999998,76,42,0.01,0.0,0
2019-06-03,201.269,74,46,0.0,0.0,0
2019-06-04,191.161,76,47,0.02,0.0,0
2019-06-05,154.921,77,47,0.09,0.0,0
2019-06-06,266.975,81,47,0.05,0.0,0
2019-06-07,196.174,77,47,0.0,0.0,0
2019-06-08,267.075,82,47,0.1,0.0,0
2019-06-09,146.10399999999998,84,51,0.06,0.0,0
2019-06-10,238.779,81,51,0.01,0.0,0
2019-06-11,281.586,68,42,0.05,0.0,0
2019-06-12,228.701,77,38,0.0,0.0,0
2019-06-13,169.793,78,47,0.0,0.0,0
2019-06-14,197.5,75,51,0.0,0.0,0
2019-06-15,273.838,87,48,0.0,0.0,0
2019-06-16,143.401,84,63,0.02,0.0,0
2019-06-17,325.899,79,51,0.0,0.0,0
2019-06-18,167.47899999999998,78,49,0.04,0.0,0
2019-06-19,373.877,73,49,0.57,0.0,0
2019-06-20,255.192,74,52,0.03,0.0,0
2019-06-21,223.199,84,52,0.0,0.0,0
2019-06-22,111.352,85,53,0.02,0.0,0
2019-06-23,175.98,80,50,0.19,0.0,0
2019-06-24,201.067,56,44,0.87,0.0,0
2019-06-25,235.645,63,40,0.0,0.0,0
2019-06-26,277.12,77,44,0.0,0.0,0
2019-06-27,192.064,82,52,0.0,0.0,0
2019-06-28,279.543,87,51,0.0,0.0,0
2019-06-29,194.784,90,53,0.0,0.0,0
2019-06-30,110.441,94,55,0.0,0.0,0
2019-07-01,249.723,90,64,0.0,0.0,0
2019-07-02,195.21,91,58,0.0,0.0,0
2019-07-03,160.15,84,56,0.04,0.0,0
2019-07-04,108.531,84,53,0.71,0.0,0
2019-07-05,120.357,89,52,0.0,0.0,0
2019-07-06,254.768,85,55,0.11,0.0,0
2019-07-07,142.539,80,55,0.34,0.0,0
2019-07-08,258.626,80,53,0.01,0.0,0
2019-07-09,298.481,86,54,0.0,0.0,0
2019-07-10,293.072,84,54,0.0,0.0,0
2019-07-11,259.684,89,55,0.0,0.0,0
2019-07-12,261.76800000000003,86,53,0.0,0.0,0
2019-07-13,249.388,95,55,0.0,0.0,0
2019-07-14,273.06600000000003,90,60,0.0,0.0,0
2019-07-15,247.538,92,56,0.0,0.0,0
2019-07-16,214.804,90,59,0.06,0.0,0
2019-07-17,363.21,94,58,0.01,0.0,0
2019-07-18,286.0,90,54,0.0,0.0,0
2019-07-19,410.838,97,62,0.0,0.0,0
2019-07-20,182.694,98,60,0.0,0.0,0
2019-07-21,201.949,98,62,0.0,0.0,0
2019-07-22,260.776,94,61,0.44,0.0,0
2019-07-23,284.839,83,60,0.0,0.0,0
2019-07-24,268.742,80,62,0.18,0.0,0
2019-07-25,236.431,86,55,0.0,0.0,0
2019-07-26,220.625,95,56,0.0,0.0,0
2019-07-27,263.755,88,63,0.03,0.0,0
2019-07-28,219.622,92,56,0.0,0.0,0
2019-07-29,231.416,87,61,0.16,0.0,0
2019-07-30,358.714,89,61,0.0,0.0,0
2019-07-31,252.65,93,52,0.0,0.0,0
2019-08-01,279.595,90,56,0.11,0.0,0
2019-08-02,196.905,87,63,0.01,0.0,0
2019-08-03,234.178,83,60,0.02,0.0,0
2019-08-04,185.266,88,57,0.05,0.0,0
2019-08-05,230.37,96,59,0.0,0.0,0
2019-08-06,143.189,93,60,0.0,0.0,0
2019-08-07,319.369,89,63,0.0,0.0,0
2019-08-08,278.15,95,57,0.0,0.0,0
2019-08-09,284.376,88,63,0.0,0.0,0
2019-08-10,172.23,83,61,0.01,0.0,0
2019-08-11,208.787,96,60,0.01,0.0,0
2019-08-12,243.849,95,65,0.0,0.0,0
2019-08-13,259.345,81,62,0.0,0.0,0
2019-08-14,205.608,91,60,0.0,0.0,0
2019-08-15,382.201,88,53,0.0,0.0,0
2019-08-16,319.828,91,55,0.0,0.0,0
2019-08-17,219.069,95,55,0.0,0.0,0
2019-08-18,219.42,91,57,0.0,0.0,0
2019-08-19,160.045,90,60,0.0,0.0,0
2019-08-20,305.564,89,57,0.0,0.0,0
2019-08-21,373.331,96,57,0.0,0.0,0
2019-08-22,354.539,98,58,0.0,0.0,0
2019-08-23,220.446,82,64,0.01,0.0,0
2019-08-24,213.993,90,53,0.0,0.0,0
2019-08-25,239.927,87,62,0.0,0.0,0
2019-08-26,385.327,90,51,0.0,0.0,0
2019-08-27,342.836,97,58,0.0,0.0,0
2019-08-28,261.913,89,56,0.0,0.0,0
2019-08-29,198.658,77,49,0.0,0.0,0
2019-08-30,310.398,94,47,0.0,0.0,0
2019-08-31,329.907,88,63,0.0,0.0,0
2019-09-01,127.964,84,53,0.0,0.0,0
2019-09-02,197.419,91,55,0.0,0.0,0
2019-09-03,274.107,98,53,0.0,0.0,0
2019-09-04,317.567,100,61,0.0,0.0,0
2019-09-05,258.095,92,61,0.0,0.0,0
2019-09-06,340.079,85,57,0.0,0.0,0
2019-09-07,250.583,97,63,0.0,0.0,0
2019-09-08,177.126,82,59,0.02,0.0,0
2019-09-09,261.072,89,61,0.05,0.0,0
2019-09-10,232.248,85,51,0.02,0.0,0
2019-09-11,286.651,84,50,0.08,0.0,0
2019-09-12,238.041,82,56,0.01,0.0,0
2019-09-13,334.041,76,53,0.25,0.0,0
2019-09-14,287.439,79,47,0.0,0.0,0
2019-09-15,235.177,80,43,0.0,0.0,0
2019-09-16,328.35,90,45,0.0,0.0,0
2019-09-17,248.204,87,48,0.0,0.0,0
2019-09-18,294.743,88,56,0.0,0.0,0
2019-09-19,269.277,87,59,0.0,0.0,0
2019-09-20,323.681,83,49,0.0,0.0,0
2019-09-21,245.319,86,46,0.0,0.0,0
2019-09-22,200.543,86,53,0.0,0.0,0
2019-09-23,263.577,78,45,0.0,0.0,0
2019-09-24,202.838,76,41,0.0,0.0,0
2019-09-25,262.993,81,43,0.0,0.0,0
2019-09-26,251.481,86,49,0.0,0.0,0
2019-09-27,282.167,81,50,0.0,0.0,0
2019-09-28,124.22,85,40,0.0,0.0,0
2019-09-29,168.693,79,45,0.0,0.0,0
2019-09-30,212.774,73,47,0.13,0.0,0
2019-10-01,279.452,86,45,0.0,0.0,0
2019-10-02,318.797,82,45,0.0,0.0,0
2019-10-03,293.606,66,47,0.14,0.0,0
2019-10-04,339.769,62,40,0.37,0.0,0
2019-10-05,179.97,65,43,0.0,0.0,0
2019-10-06,181.464,69,36,0.0,0.0,0
2019-10-07,315.565,65,47,0.0,0.0,0
2019-10-08,162.498,64,39,0.0,0.0,0
2019-10-09,272.385,74,31,0.0,0.0,0
2019-10-10,145.965,80,42,0.0,0.0,0
2019-10-11,387.229,80,48,0.0,0.0,0
2019-10-12,382.694,55,20,0.42,3.8,3
2019-10-13,278.79,44,15,0.0,0.0,0
2019-10-14,289.846,67,26,0.0,0.0,0
2019-10-15,233.129,74,32,0.0,0.0,0
2019-10-16,239.129,75,37,0.0,0.0,0
2019-10-17,190.166,69,32,0.0,0.0,0
2019-10-18,317.972,80,33,0.0,0.0,0
2019-10-19,263.995,78,43,0.0,0.0,0
2019-10-20,152.63,67,49,0.0,0.0,0
2019-10-21,324.595,65,32,0.0,0.0,0
2019-10-22,284.784,50,33,0.0,0.0,0
2019-10-23,359.682,55,30,0.0,0.0,0
2019-10-24,276.969,64,31,0.0,0.0,0
2019-10-25,264.058,57,37,0.0,0.0,0
2019-10-26,253.938,40,25,0.54,7.0,2
2019-10-27,146.237,60,25,0.0,0.0,0
2019-10-28,205.305,73,36,0.0,0.0,0
2019-10-29,96.831,59,19,0.23,3.9,3
2019-10-30,233.928,28,16,0.4,4.9,5
2019-10-31,295.137,21,9,0.2,4.7,7
2019-11-01,507.373,24,3,0.12,2.1,7
2019-11-02,195.862,45,3,0.0,0.0,4
2019-11-03,185.626,40,22,0.0,0.0,3
2019-11-04,407.595,48,17,0.0,0.0,2
2019-11-05,322.148,56,26,0.0,0.0,2
2019-11-06,409.447,49,31,0.0,0.0,1
2019-11-07,323.172,58,27,0.0,0.0,0
2019-11-08,381.354,55,31,0.01,0.0,0
2019-11-09,249.062,47,27,0.08,0.0,0
2019-11-10,251.912,69,26,0.0,0.0,0
2019-11-11,116.484,79,41,0.0,0.0,0
2019-11-12,332.355,72,34,0.0,0.0,0
2019-11-13,189.252,53,12,0.19,3.5,2
2019-11-14,280.073,57,14,0.0,0.0,0
2019-11-15,309.79200000000003,62,36,0.0,0.0,0
2019-11-16,127.559,55,28,0.0,0.0,0
2019-11-17,119.822,72,33,0.0,0.0,0
2019-11-18,305.476,65,42,0.0,0.0,0
2019-11-19,315.546,55,27,0.0,0.0,0
2019-11-20,263.415,66,43,0.0,0.0,0
2019-11-21,278.403,64,34,0.0,0.0,0
2019-11-22,423.631,51,33,0.11,0.5,0
2019-11-23,315.26800000000003,34,25,0.3,0.6,1
2019-11-24,196.155,36,25,0.15,1.8,2
2019-11-25,232.897,58,23,0.0,0.0,1
2019-11-26,16.875,63,32,0.0,0.0,0
2019-11-27,185.122,52,29,0.14,1.6,2
2019-11-28,22.236,29,21,1.33,20.7,20
2019-11-29,204.732,27,4,0.01,0.2,15
2019-11-30,79.53,31,4,0.0,0.0,13
2019-12-01,229.573,27,9,0.0,0.0,10
2019-12-02,219.025,37,21,0.06,0.6,10
2019-12-03,243.56,36,13,0.0,0.0,9
2019-12-04,333.03700000000003,54,15,0.0,0.0,6
2019-12-05,234.396,56,35,0.0,0.0,4
2019-12-06,352.043,54,31,0.0,0.0,4
2019-12-07,292.255,43,31,0.12,0.0,3
2019-12-08,140.558,49,25,0.01,0.0,3
2019-12-09,285.978,59,24,0.0,0.0,2
2019-12-10,303.654,56,35,0.0,0.0,1
2019-12-11,375.509,45,26,0.0,0.0,1
2019-12-12,308.80400000000003,35,18,0.0,0.0,1
2019-12-13,424.761,54,23,0.0,0.0,1
2019-12-14,235.953,51,34,0.0,0.0,0
2019-12-15,297.257,46,36,0.0,0.0,0
2019-12-16,248.587,40,25,0.06,0.7,1
2019-12-17,398.243,31,18,0.0,0.0,0
2019-12-18,313.274,34,18,0.0,0.0,0
2019-12-19,308.671,44,15,0.0,0.0,0
2019-12-20,178.34799999999998,54,19,0.0,0.0,0
2019-12-21,226.274,47,25,0.0,0.0,0
2019-12-22,242.436,53,24,0.0,0.0,0
2019-12-23,157.564,64,28,0.0,0.0,0
2019-12-24,82.009,64,32,0.0,0.0,0
2019-12-25,50.946,58,37,0.0,0.0,0
2019-12-26,190.628,58,34,0.0,0.0,0
2019-12-27,153.816,50,27,0.0,0.0,0
2019-12-28,87.876,38,20,0.0,0.0,0
2019-12-29,187.327,36,18,0.0,0.0,0
2019-12-30,197.654,30,22,0.16,2.7,2
2019-12-31,141.203,36,14,0.0,0.0,1
2020-01-01,119.504,36,11,0.0,0.0,1
2020-01-02,299.367,52,14,0.0,0.0,1
2020-01-03,293.79,53,23,0.0,0.0,0
2020-01-04,188.999,48,28,0.0,0.0,0
2020-01-05,139.024,47,23,0.0,0.0,0
2020-01-06,264.382,65,28,0.0,0.0,0
2020-01-07,234.582,58,28,0.0,0.0,0
2020-01-08,202.871,41,27,0.0,0.0,0
2020-01-09,396.029,57,32,0.0,0.0,0
2020-01-10,309.207,58,34,0.0,0.0,0
2020-01-11,327.353,50,24,0.0,0.0,0
2020-01-12,161.964,36,19,0.0,0.0,0
2020-01-13,260.84,45,11,0.0,0.0,0
2020-01-14,379.27,42,18,0.0,0.0,0
2020-01-15,146.276,45,17,0.0,0.0,0
2020-01-16,325.462,53,25,0.0,0.0,0
2020-01-17,232.419,47,25,0.0,0.0,0
2020-01-18,202.53,37,15,0.0,0.0,0
2020-01-19,187.354,50,21,0.0,0.0,0
2020-01-20,173.287,42,17,0.0,0.0,0
2020-01-21,257.289,47,18,0.0,0.0,0
2020-01-22,332.577,51,19,0.0,0.0,0
2020-01-23,376.637,51,28,0.0,0.0,0
2020-01-24,230.866,53,34,0.0,0.0,0
2020-01-25,210.855,42,26,0.0,0.0,0
2020-01-26,288.993,52,21,0.0,0.0,0
2020-01-27,332.117,56,26,0.0,0.0,0
2020-01-28,353.5,54,27,0.0,0.0,0
2020-01-29,224.998,43,28,0.0,0.0,0
2020-01-30,311.629,50,23,0.0,0.0,0
2020-01-31,211.414,44,28,0.0,0.0,0
2020-02-01,243.6,40,20,0.0,0.0,0
2020-02-02,94.342,55,17,0.0,0.0,0
2020-02-03,159.309,65,25,0.0,0.0,0
2020-02-04,212.417,75,44,0.0,0.0,0
2020-02-05,248.966,61,18,0.25,5.2,5
2020-02-06,286.116,22,9,0.5,8.6,10
2020-02-07,199.154,31,-3,0.0,0.0,7
2020-02-08,89.67399999999999,42,20,0.0,0.0,5
2020-02-09,81.156,35,23,0.31,3.7,8
2020-02-10,232.952,55,21,0.01,0.2,6
2020-02-11,298.501,47,24,0.24,3.9,9
2020-02-12,238.694,35,11,0.0,0.0,0
2020-02-13,235.962,35,6,0.45,8.5,0
2020-02-14,256.449,40,14,0.04,0.6,11
2020-02-15,207.516,29,14,0.15,2.0,12
2020-02-16,143.19,58,10,0.0,0.0,9
2020-02-17,153.401,54,24,0.0,0.0,8
2020-02-18,206.977,47,22,0.0,0.0,7
2020-02-19,402.746,44,23,0.0,0.0,7
2020-02-20,186.305,37,13,0.04,0.5,7
2020-02-21,185.524,29,15,0.09,2.6,10
2020-02-22,135.804,38,1,0.1,3.3,9
2020-02-23,135.216,53,15,0.0,0.0,7
2020-02-24,204.174,57,28,0.0,0.0,6
2020-02-25,282.037,44,35,0.01,0.0,5
2020-02-26,208.375,42,27,0.0,0.0,4
2020-02-27,215.595,33,20,0.0,0.0,4
2020-02-28,152.73,42,8,0.0,0.0,4
2020-02-29,139.36,49,28,0.0,0.0,3
2020-03-01,109.798,60,29,0.0,0.0,1
2020-03-02,186.142,60,37,0.0,0.0,0
2020-03-03,223.94,52,32,0.01,0.0,0
2020-03-04,166.688,45,24,0.37,4.0,0
2020-03-05,217.043,57,23,0.0,0.0,0
2020-03-06,206.026,62,28,0.0,0.0,0
2020-03-07,179.008,52,26,0.0,0.0,0
2020-03-08,140.64,67,29,0.0,0.0,0
2020-03-09,247.636,68,38,0.0,0.0,0
2020-03-10,201.155,69,38,0.0,0.0,0
2020-03-11,156.399,62,37,0.14,0.0,0
2020-03-12,171.755,62,32,0.0,0.0,0
2020-03-13,108.87,67,36,0.0,0.0,0
2020-03-14,68.47800000000001,56,34,0.0,0.0,0
2020-03-15,105.942,38,30,0.04,0.5,1
2020-03-16,48.885000000000005,38,28,0.07,1.0,0
2020-03-17,30.096,51,31,0.0,0.0,0
2020-03-18,38.175,59,29,0.0,0.0,0
2020-03-19,28.955,52,38,0.02,0.0,0
2020-03-20,19.735,61,30,0.0,0.0,0
2020-03-21,10.515,53,31,1.65,7.1,7
2020-03-22,38.023,33,20,0.19,1.6,7
2020-03-23,40.682,52,14,0.0,0.0,3
2020-03-24,56.817,53,28,0.0,0.0,1
2020-03-25,23.544,57,29,0.0,0.0,0
2020-03-26,35.837,62,33,0.0,0.0,0
2020-03-27,65.98,66,40,0.0,0.0,0
2020-03-28,12.173,60,31,0.0,0.0,0
2020-03-29,3.43,50,32,0.05,0.1,0
2020-03-30,35.845,50,21,0.34,2.0,0
2020-03-31,40.429,54,28,0.0,0.0,0
2020-04-01,41.132,57,30,0.0,0.0,0
2020-04-02,0.0,66,36,0.0,0.0,0
2020-04-03,21.881,69,40,0.0,0.0,0
2020-04-04,16.273,64,22,0.21,0.6,1
2020-04-05,44.454,43,17,0.03,0.3,0
2020-04-06,32.18,58,23,0.0,0.0,0
2020-04-07,9.145,69,34,0.0,0.0,0
2020-04-08,65.13,73,37,0.0,0.0,0
2020-04-09,57.702000000000005,73,43,0.0,0.0,0
2020-04-10,32.519000000000005,70,39,0.0,0.0,0
2020-04-11,30.689,65,31,0.0,0.0,0
2020-04-12,0.749,74,36,0.0,0.0,0
2020-04-13,8.7035,70,44,0.0,0.0,0
2020-04-14,16.658,64,19,0.56,8.8,8
2020-04-15,22.497,27,15,0.69,9.9,12
2020-04-16,34.791000000000004,45,10,0.0,0.0,2
2020-04-17,6.288,55,28,0.0,0.0,0
2020-04-18,30.55,41,25,1.58,16.9,15
2020-04-19,33.967,45,9,0.05,0.8,9
2020-04-20,56.645,53,28,0.0,0.0,5
2020-04-21,31.704,58,33,0.0,0.0,1
2020-04-22,69.59299999999999,63,34,0.0,0.0,0
2020-04-23,14.417,67,35,0.0,0.0,0
2020-04-24,68.845,66,43,0.0,0.0,0
2020-04-25,44.753,66,42,0.0,0.0,0
2020-04-26,79.848,59,39,0.05,0.0,0
2020-04-27,20.501,65,38,0.0,0.0,0
2020-04-28,26.841,73,34,0.0,0.0,0
2020-04-29,47.34,78,42,0.0,0.0,0
2020-04-30,58.633,76,52,0.0,0.0,0
2020-05-01,36.371,72,35,0.0,0.0,0
2020-05-02,19.898,83,46,0.0,0.0,0
2020-05-03,40.546,81,55,0.0,0.0,0
2020-05-04,30.871,80,50,0.01,0.0,0
2020-05-05,71.735,71,41,0.14,0.0,0
2020-05-06,14.845,69,46,0.07,0.0,0
2020-05-07,25.476,70,33,0.0,0.0,0
2020-05-08,54.861,68,35,0.0,0.0,0
2020-05-09,125.4,75,43,0.0,0.0,0
2020-05-10,19.949,62,34,0.03,0.0,0
2020-05-11,35.199,62,38,0.0,0.0,0
2020-05-12,69.33,61,37,0.0,0.0,0
2020-05-13,32.743,59,34,0.09,0.0,0
2020-05-14,18.636,66,39,0.01,0.0,0
2020-05-15,43.454,78,41,0.0,0.0,0
2020-05-16,73.197,76,52,0.28,0.0,0
2020-05-17,55.864,66,48,0.04,0.0,0
2020-05-18,89.893,69,48,0.1,0.0,0
2020-05-19,122.524,71,40,0.0,0.0,0
2020-05-20,42.62,84,46,0.0,0.0,0
2020-05-21,75.375,87,48,0.0,0.0,0
2020-05-22,110.276,66,61,0.0,0.0,0
2020-05-23,30.379,75,42,0.0,0.0,0
2020-05-24,7.802,82,43,0.0,0.0,0
2020-05-25,85.926,81,45,0.0,0.0,0
2020-05-26,59.98,70,44,1.13,0.0,0
2020-05-27,64.254,64,37,0.03,0.0,0
2020-05-28,46.103,76,37,0.0,0.0,0
2020-05-29,67.556,80,48,0.13,0.0,0
2020-05-30,89.687,70,50,0.0,0.0,0
2020-05-31,64.548,81,50,0.04,0.0,0
2020-06-01,51.392,81,54,0.0,0.0,0
2020-06-02,60.223,85,52,0.2,0.0,0
2020-06-03,76.582,89,54,0.0,0.0,0
2020-06-04,40.727,87,63,0.03,0.0,0
2020-06-05,73.57,89,52,0.0,0.0,0
2020-06-06,22.19,89,56,0.01,0.0,0
2020-06-07,61.158,93,55,0.0,0.0,0
2020-06-08,30.091,85,64,0.09,0.0,0
2020-06-09,30.134,87,51,0.0,0.0,0
2020-06-10,168.065,87,48,0.0,0.0,0
2020-06-11,64.076,75,42,0.28,0.0,0
2020-06-12,105.914,76,42,0.0,0.0,0
2020-06-13,97.211,82,48,0.0,0.0,0
2020-06-14,50.954,90,47,0.0,0.0,0
2020-06-15,23.809,86,53,0.01,0.0,0
2020-06-16,78.389,90,62,0.0,0.0,0
2020-06-17,66.952,90,52,0.0,0.0,0
2020-06-18,157.826,92,57,0.0,0.0,0
2020-06-19,18.086,91,52,0.0,0.0,0
2020-06-20,133.286,82,51,0.17,0.0,0
2020-06-21,98.606,66,50,0.79,0.0,0
2020-06-22,73.383,85,43,0.0,0.0,0
2020-06-23,43.953,78,59,0.27,0.0,0
2020-06-24,36.318,79,50,0.0,0.0,0
2020-06-25,118.773,83,51,0.0,0.0,0
2020-06-26,89.611,89,63,0.0,0.0,0
2020-06-27,55.34,88,54,0.05,0.0,0
2020-06-28,120.194,81,54,0.33,0.0,0
2020-06-29,82.86099999999999,89,54,0.05,0.0,0
2020-06-30,128.424,87,59,0.01,0.0,0
2020-07-01,97.837,91,53,0.0,0.0,0
2020-07-02,173.898,89,55,0.01,0.0,0
2020-07-03,100.092,86,48,0.0,0.0,0
2020-07-04,46.683,93,54,0.0,0.0,0
2020-07-05,131.322,86,57,0.0,0.0,0
2020-07-06,87.062,87,57,0.0,0.0,0
2020-07-07,123.713,90,52,0.0,0.0,0
2020-07-08,17.647,92,55,0.0,0.0,0
2020-07-09,89.457,92,59,0.0,0.0,0
2020-07-10,97.798,96,54,0.0,0.0,0
2020-07-11,186.005,93,56,0.0,0.0,0
2020-07-12,55.704,99,56,0.0,0.0,0
2020-07-13,46.273,95,57,0.0,0.0,0
2020-07-14,104.196,91,58,0.0,0.0,0
2020-07-15,54.221,99,67,0.0,0.0,0
2020-07-16,68.158,89,64,0.0,0.0,0
2020-07-17,142.508,79,53,0.01,0.0,0
2020-07-18,99.729,94,55,0.0,0.0,0
2020-07-19,76.062,94,62,0.0,0.0,0
2020-07-20,72.391,100,68,0.0,0.0,0
2020-07-21,110.709,88,60,0.0,0.0,0
2020-07-22,52.941,91,57,0.0,0.0,0
2020-07-23,140.689,87,57,0.0,0.0,0
2020-07-24,164.578,90,54,0.05,0.0,0
2020-07-25,51.29,92,66,0.0,0.0,0
2020-07-26,78.359,84,65,0.07,0.0,0
2020-07-27,94.656,85,59,0.16,0.0,0
2020-07-28,104.835,80,60,0.01,0.0,0
2020-07-29,166.792,87,55,0.0,0.0,0
2020-07-30,96.526,85,58,0.0,0.0,0
2020-07-31,78.678,94,58,0.0,0.0,0
2020-08-01,71.626,82,55,0.0,0.0,0
2020-08-02,70.181,82,55,0.04,0.0,0
2020-08-03,69.191,88,59,0.08,0.0,0
2020-08-04,122.327,83,56,0.0,0.0,0
2020-08-05,52.539,85,53,0.0,0.0,0
2020-08-06,141.329,88,56,0.01,0.0,0
2020-08-07,128.341,91,58,0.21,0.0,0
2020-08-08,123.583,91,57,0.01,0.0,0
2020-08-09,147.912,98,53,0.0,0.0,0
2020-08-10,85.284,96,64,0.0,0.0,0
2020-08-11,72.419,98,63,0.0,0.0,0
2020-08-12,83.459,86,56,0.0,0.0,0
2020-08-13,106.449,93,56,0.0,0.0,0
2020-08-14,132.60399999999998,93,53,0.0,0.0,0
2020-08-15,117.25,95,56,0.0,0.0,0
2020-08-16,81.577,90,59,0.0,0.0,0
2020-08-17,99.246,92,52,0.0,0.0,0
2020-08-18,92.993,95,57,0.0,0.0,0
2020-08-19,127.098,94,57,0.0,0.0,0
2020-08-20,185.465,97,60,0.0,0.0,0
2020-08-21,89.663,94,60,0.0,0.0,0
2020-08-22,140.299,89,56,0.0,0.0,0
2020-08-23,167.793,93,58,0.0,0.0,0
2020-08-24,80.12899999999999,96,57,0.0,0.0,0
2020-08-25,42.636,94,57,0.0,0.0,0
2020-08-26,111.061,95,64,0.0,0.0,0
2020-08-27,79.238,97,63,0.0,0.0,0
2020-08-28,97.614,91,62,0.01,0.0,0
2020-08-29,180.841,94,57,0.08,0.0,0
2020-08-30,89.68,79,61,0.02,0.0,0
2020-08-31,219.181,78,51,0.05,0.0,0
2020-09-01,96.507,91,57,0.0,0.0,0
2020-09-02,145.374,83,43,0.01,0.0,0
2020-09-03,107.602,82,48,0.13,0.0,0
2020-09-04,153.687,91,51,0.0,0.0,0
2020-09-05,97.427,85,51,0.0,0.0,0
2020-09-06,77.257,90,51,0.0,0.0,0
2020-09-07,149.68200000000002,99,57,0.0,0.0,0
2020-09-08,59.875,99,64,0.0,0.0,0
2020-09-09,76.114,92,57,0.0,0.0,0
2020-09-10,120.739,75,32,0.85,1.7,1
2020-09-11,163.573,42,30,0.55,4.0,2
2020-09-12,194.841,49,35,0.02,0.0,0
2020-09-13,104.989,69,36,0.0,0.0,0
2020-09-14,92.301,81,44,0.0,0.0,0
2020-09-15,59.901,85,45,0.0,0.0,0
2020-09-16,221.317,87,47,0.0,0.0,0
2020-09-17,117.804,88,52,0.0,0.0,0
2020-09-18,137.493,84,52,0.0,0.0,0
2020-09-19,156.552,85,45,0.0,0.0,0
2020-09-20,114.776,78,47,0.0,0.0,0
2020-09-21,53.166,87,55,0.0,0.0,0
2020-09-22,84.89699999999999,82,53,0.0,0.0,0
2020-09-23,84.548,83,49,0.0,0.0,0
2020-09-24,145.171,86,52,0.0,0.0,0
2020-09-25,237.874,85,53,0.0,0.0,0
2020-09-26,55.124,88,52,0.0,0.0,0
2020-09-27,188.296,82,58,0.0,0.0,0
2020-09-28,130.442,88,64,0.0,0.0,0
2020-09-29,86.368,77,46,0.0,0.0,0
2020-09-30,89.87700000000001,62,34,0.01,0.0,0
2020-10-01,153.873,81,39,0.0,0.0,0
2020-10-02,109.565,75,48,0.0,0.0,0
2020-10-03,185.445,67,37,0.0,0.0,0
2020-10-04,219.44,73,41,0.0,0.0,0
2020-10-05,96.834,71,39,0.0,0.0,0
2020-10-06,85.542,81,41,0.0,0.0,0
2020-10-07,47.553,85,50,0.0,0.0,0
2020-10-08,154.285,86,42,0.0,0.0,0
2020-10-09,173.351,82,46,0.0,0.0,0
2020-10-10,136.736,85,42,0.0,0.0,0
2020-10-11,93.939,85,52,0.0,0.0,0
2020-10-12,66.349,81,47,0.0,0.0,0
2020-10-13,131.741,74,50,0.0,0.0,0
2020-10-14,156.734,76,42,0.0,0.0,0
2020-10-15,31.76,74,42,0.0,0.0,0
2020-10-16,88.794,82,53,0.0,0.0,0
2020-10-17,192.823,56,36,0.0,0.0,0
2020-10-18,87.03099999999999,68,25,0.0,0.0,0
2020-10-19,90.964,75,54,0.0,0.0,0
2020-10-20,100.859,68,33,0.02,0.0,0
2020-10-21,125.686,59,31,0.0,0.0,0
2020-10-22,92.14,68,38,0.0,0.0,0
2020-10-23,141.44,70,34,0.0,0.0,0
2020-10-24,191.777,55,26,0.09,0.0,0
2020-10-25,54.093,30,22,0.0,0.0,0
2020-10-26,41.442,49,23,0.0,0.0,0
2020-10-27,101.704,41,10,0.47,9.9,9
2020-10-28,133.464,18,5,0.19,2.6,8
2020-10-29,111.386,47,4,0.0,0.0,3
2020-10-30,215.369,54,25,0.0,0.0,1
2020-10-31,107.746,65,30,0.0,0.0,0
2020-11-01,100.485,68,33,0.0,0.0,0
2020-11-02,169.638,66,42,0.0,0.0,0
2020-11-03,176.52,65,29,0.0,0.0,0
2020-11-04,82.5,76,35,0.0,0.0,0
2020-11-05,71.92,77,41,0.0,0.0,0
2020-11-06,187.682,79,45,0.0,0.0,0
2020-11-07,170.854,76,43,0.0,0.0,0
2020-11-08,120.756,70,39,0.0,0.0,0
2020-11-09,55.777,66,44,0.0,0.0,0
2020-11-10,127.737,62,44,0.0,0.0,0
2020-11-11,99.45,47,28,0.31,3.4,3
2020-11-12,45.101,45,19,0.01,0.2,1
2020-11-13,106.976,46,26,0.0,0.0,0
2020-11-14,209.164,48,26,0.0,0.0,0
2020-11-15,114.329,61,18,0.0,0.0,0
2020-11-16,64.892,53,34,0.0,0.0,0
2020-11-17,66.933,54,29,0.0,0.0,0
2020-11-18,63.022,69,40,0.0,0.0,0
2020-11-19,100.065,71,36,0.0,0.0,0
2020-11-20,81.507,76,46,0.0,0.0,0
2020-11-21,136.108,69,37,0.0,0.0,0
2020-11-22,222.151,53,37,0.0,0.0,0
2020-11-23,84.366,48,23,0.0,0.0,0
2020-11-24,68.056,46,18,0.0,0.0,0
2020-11-25,109.32,58,24,0.0,0.0,0
2020-11-26,29.847,43,27,0.47,3.9,3
2020-11-27,74.694,53,20,0.0,0.0,2
2020-11-28,74.909,53,25,0.0,0.0,1
2020-11-29,106.846,44,20,0.0,0.0,1
2020-11-30,71.359,57,23,0.0,0.0,1
2020-12-01,55.081,41,23,0.0,0.0,0
2020-12-02,79.67099999999999,62,18,0.0,0.0,0
2020-12-03,154.37400000000002,49,30,0.0,0.0,0
2020-12-04,80.003,35,12,0.0,0.0,0
2020-12-05,145.342,50,16,0.0,0.0,0
2020-12-06,141.726,62,28,0.0,0.0,0
2020-12-07,10.582,54,27,0.0,0.0,0
2020-12-08,92.078,62,27,0.0,0.0,0
2020-12-09,71.931,63,28,0.0,0.0,0
2020-12-10,246.273,62,29,0.0,0.0,0
2020-12-11,22.651,65,30,0.0,0.0,0
2020-12-12,69.30499999999999,45,21,0.0,0.0,0
2020-12-13,97.844,37,23,0.27,2.7,2
2020-12-14,112.906,24,13,0.0,0.0,2
2020-12-15,66.439,36,8,0.06,0.9,3
2020-12-16,92.968,37,10,0.0,0.0,2
2020-12-17,78.833,34,19,0.07,1.1,2
2020-12-18,94.744,44,14,0.0,0.0,2
2020-12-19,164.348,51,24,0.0,0.0,2
2020-12-20,102.443,50,28,0.0,0.0,2
2020-12-21,79.861,47,19,0.0,0.0,1
2020-12-22,109.46,52,26,0.0,0.0,1
2020-12-23,100.319,56,40,0.0,0.0,0
2020-12-24,85.036,63,35,0.0,0.0,0
2020-12-25,37.509,47,17,0.02,0.0,0
2020-12-26,56.836,56,17,0.0,0.0,0
2020-12-27,142.721,59,26,0.0,0.0,0
2020-12-28,50.637,63,33,0.0,0.0,0
2020-12-29,86.809,50,34,0.0,0.0,0
2020-12-30,66.364,37,26,0.03,0.5,0
2020-12-31,56.266,36,19,0.07,0.6,1
2021-01-01,59.898,41,13,0.0,0.0,0
2021-01-02,112.784,46,18,0.0,0.0,0
2021-01-03,90.05,43,22,0.0,0.0,0
2021-01-04,80.063,52,17,0.0,0.0,0
2021-01-05,109.501,53,31,0.0,0.0,0
2021-01-06,148.853,59,30,0.0,0.0,0
2021-01-07,118.649,55,29,0.0,0.0,0
2021-01-08,188.087,45,18,0.0,0.0,0
2021-01-09,58.128,46,23,0.0,0.0,0
2021-01-10,115.373,45,21,0.0,0.0,0
2021-01-11,84.449,36,20,0.01,0.1,0
2021-01-12,111.789,35,23,0.21,3.7,3
2021-01-13,87.464,44,11,0.0,0.0,1
2021-01-14,96.053,54,18,0.0,0.0,0
2021-01-15,74.288,64,31,0.0,0.0,0
2021-01-16,118.331,56,28,0.0,0.0,0
2021-01-17,82.992,46,15,0.0,0.0,0
2021-01-18,58.614,52,29,0.0,0.0,0
2021-01-19,82.196,52,26,0.0,0.0,0
2021-01-20,85.597,46,29,0.0,0.0,0
2021-01-21,95.269,39,22,0.0,0.0,0
2021-01-22,109.806,59,18,0.0,0.0,0
2021-01-23,123.427,47,36,0.0,0.0,0
2021-01-24,98.118,45,19,0.0,0.0,0
2021-01-25,55.449000000000005,44,19,0.0,0.0,0
2021-01-26,65.25,38,23,0.0,0.0,0
2021-01-27,148.102,38,16,0.0,0.0,0
2021-01-28,168.836,28,18,0.17,2.2,2
2021-01-29,148.054,28,4,0.01,0.2,2
2021-01-30,107.188,45,14,0.0,0.0,1
2021-01-31,107.664,58,27,0.0,0.0,0
2021-02-01,81.274,54,30,0.0,0.0,0
2021-02-02,138.007,52,22,0.0,0.0,0
2021-02-03,163.822,50,25,0.0,0.0,0
2021-02-04,39.444,65,32,0.0,0.0,0
2021-02-05,139.998,65,37,0.0,0.0,0
2021-02-06,97.172,46,19,0.0,0.0,0
2021-02-07,43.74,45,25,0.0,0.0,0
2021-02-08,68.579,45,25,0.0,0.0,0
2021-02-09,72.28099999999999,54,23,0.0,0.0,0
2021-02-10,123.162,48,9,0.0,0.0,0
2021-02-11,120.298,31,9,0.0,0.0,0
2021-02-12,79.28399999999999,31,11,0.0,0.0,0
2021-02-13,141.063,27,13,0.0,0.0,0
2021-02-14,120.455,15,0,0.06,1.1,1
2021-02-15,120.335,7,-3,0.05,0.9,1
2021-02-16,98.728,4,-8,0.11,1.4,2
2021-02-17,147.13600000000002,21,-12,0.02,0.3,2
2021-02-18,91.606,42,2,0.0,0.0,1
2021-02-19,112.73,35,16,0.0,0.1,1
2021-02-20,161.052,34,15,0.37,7.1,8
2021-02-21,170.79500000000002,45,9,0.0,0.0,2
2021-02-22,80.839,50,21,0.0,0.0,1
2021-02-23,184.105,43,20,0.12,0.5,1
2021-02-24,134.542,56,32,0.0,0.0,0
2021-02-25,107.761,60,36,0.0,0.0,0
2021-02-26,163.943,54,20,0.0,0.1,0
2021-02-27,167.708,35,11,0.55,8.1,6
2021-02-28,125.064,45,13,0.0,0.0,4
2021-03-01,127.987,41,24,0.0,0.0,3
2021-03-02,187.0,39,11,0.0,0.0,2
2021-03-03,211.019,0,0,0.0,0.0,0
2021-03-04,67.343,49,13,0.0,0.0,1
2021-03-05,96.817,62,24,0.0,0.0,0
2021-03-06,173.672,62,30,0.0,0.0,0
2021-03-07,133.374,48,30,0.0,0.0,0
2021-03-08,101.44,60,32,0.0,0.0,0
2021-03-09,119.901,67,27,0.0,0.0,0
2021-03-10,224.379,69,42,0.0,0.0,0
2021-03-11,138.874,68,35,0.0,0.0,0
2021-03-12,46.784,69,39,0.0,0.0,0
2021-03-13,25.689,60,32,0.23,0.9,0
2021-03-14,20.4855,44,22,0.0,0.0,0
2021-03-15,15.282,42,32,0.13,0.6,0
2021-03-16,125.33,40,29,0.38,2.4,2
2021-03-17,90.689,32,29,1.63,17.5,18
2021-03-18,188.136,40,17,0.06,0.8,11
2021-03-19,166.575,40,21,0.0,0.0,9
2021-03-20,204.367,46,25,0.03,0.3,5
2021-03-21,98.492,46,20,0.0,0.0,4
2021-03-22,38.932,58,25,0.0,0.0,1
2021-03-23,171.756,64,32,0.0,0.0,0
2021-03-24,64.562,52,33,0.12,0.5,1
2021-03-25,158.78,40,29,0.25,2.6,1
2021-03-26,68.83,41,24,0.0,0.0,0
2021-03-27,253.115,40,26,0.07,1.6,0
2021-03-28,231.142,50,22,0.0,0.0,0
2021-03-29,220.173,49,32,0.03,0.0,0
2021-03-30,91.698,54,27,0.01,0.0,0
2021-03-31,200.249,63,26,0.0,0.0,0
2021-04-01,231.031,71,42,0.0,0.0,0
2021-04-02,179.7,62,25,0.04,0.6,0
2021-04-03,186.794,54,20,0.0,0.0,0
2021-04-04,215.912,71,23,0.0,0.0,0
2021-04-05,218.009,74,41,0.0,0.0,0
2021-04-06,158.676,78,39,0.0,0.0,0
2021-04-07,346.169,80,43,0.0,0.0,0
2021-04-08,173.45600000000002,77,46,0.0,0.0,0
2021-04-09,155.227,76,36,0.07,0.0,0
2021-04-10,264.246,63,30,0.0,0.0,0
2021-04-11,229.554,70,37,0.0,0.0,0
2021-04-12,30.621,67,35,0.0,0.0,0
2021-04-13,133.893,70,26,0.0,0.0,0
2021-04-14,79.854,65,40,0.0,0.0,0
2021-04-15,107.956,53,23,0.0,0.0,0
2021-04-16,131.239,39,26,0.13,0.8,0
2021-04-17,180.947,39,26,0.08,0.6,0
2021-04-18,196.811,39,31,0.21,1.5,1
2021-04-19,91.009,38,28,0.58,4.7,3
2021-04-20,137.189,44,25,0.05,0.9,1
2021-04-21,161.516,58,27,0.0,0.0,0
2021-04-22,174.071,54,26,0.19,1.5,1
2021-04-23,209.614,37,10,0.73,7.6,4
2021-04-24,233.369,35,26,0.06,0.2,4
2021-04-25,220.503,50,25,0.01,0.2,1
2021-04-26,62.951,57,29,0.06,0.0,0
2021-04-27,82.449,64,31,0.0,0.0,0
2021-04-28,150.991,79,39,0.0,0.0,0
2021-04-29,155.919,76,47,0.0,0.0,0
2021-04-30,180.101,69,41,0.03,0.0,0
2021-05-01,190.613,59,37,1.0,0.0,0
2021-05-02,94.489,69,36,0.0,0.0,0
2021-05-03,71.78399999999999,79,42,0.0,0.0,0
2021-05-04,235.09,84,51,0.0,0.0,0
2021-05-05,185.149,79,46,0.12,0.0,0
2021-05-06,257.826,54,36,1.15,0.0,0
2021-05-07,222.666,60,33,0.18,0.0,0
2021-05-08,247.835,60,38,0.03,0.0,0
2021-05-09,219.326,69,36,0.0,0.0,0
2021-05-10,35.127,82,43,0.0,0.0,0
2021-05-11,166.352,76,45,0.0,0.0,0
2021-05-12,184.302,61,37,0.33,0.0,0
2021-05-13,157.628,45,35,0.45,0.0,0
2021-05-14,305.138,42,33,0.46,0.2,0
2021-05-15,240.024,62,33,0.0,0.0,0
2021-05-16,170.798,75,35,0.0,0.0,0
2021-05-17,76.63,72,41,0.0,0.0,0
2021-05-18,166.069,67,43,0.02,0.0,0
2021-05-19,255.594,59,46,0.0,0.0,0
2021-05-20,259.759,63,50,0.12,0.0,0
2021-05-21,338.808,64,43,0.82,0.0,0
2021-05-22,204.43,71,42,0.0,0.0,0
2021-05-23,198.333,78,42,0.02,0.0,0
2021-05-24,238.338,76,49,0.0,0.0,0
2021-05-25,258.944,73,43,0.0,0.0,0
2021-05-26,271.787,75,51,0.39,0.0,0
2021-05-27,380.084,73,36,0.0,0.0,0
2021-05-28,278.136,76,46,0.0,0.0,0
2021-05-29,223.016,78,46,0.0,0.0,0
2021-05-30,86.635,77,45,0.0,0.0,0
2021-05-31,179.701,79,44,0.0,0.0,0
2021-06-01,169.678,71,45,0.03,0.0,0
2021-06-02,222.034,64,47,1.43,0.0,0
2021-06-03,239.749,57,46,0.21,0.0,0
2021-06-04,259.348,68,39,0.03,0.0,0
2021-06-05,188.256,74,44,0.0,0.0,0
2021-06-06,210.526,82,46,0.0,0.0,0
2021-06-07,194.648,87,50,0.0,0.0,0
2021-06-08,224.028,91,53,0.0,0.0,0
2021-06-09,208.045,88,59,0.01,0.0,0
2021-06-10,277.454,85,50,0.0,0.0,0
2021-06-11,353.702,88,51,0.0,0.0,0
2021-06-12,431.021,89,54,0.0,0.0,0
2021-06-13,207.95,91,53,0.0,0.0,0
2021-06-14,245.987,90,58,0.0,0.0,0
2021-06-15,393.68,86,46,0.0,0.0,0
2021-06-16,298.095,92,54,0.0,0.0,0
2021-06-17,235.446,94,57,0.0,0.0,0
2021-06-18,354.494,96,57,0.0,0.0,0
2021-06-19,344.925,99,62,0.0,0.0,0
2021-06-20,297.744,99,59,0.0,0.0,0
2021-06-21,252.548,91,65,0.0,0.0,0
2021-06-22,292.94100000000003,89,58,0.01,0.0,0
2021-06-23,283.368,81,64,0.0,0.0,0
2021-06-24,301.497,75,50,0.23,0.0,0
2021-06-25,350.382,93,48,0.0,0.0,0
2021-06-26,236.663,96,61,0.0,0.0,0
2021-06-27,301.488,85,63,0.03,0.0,0
2021-06-28,192.11,77,53,0.44,0.0,0
2021-06-29,312.503,69,53,1.03,0.0,0
2021-06-30,297.302,72,50,0.01,0.0,0
2021-07-01,214.862,72,51,0.2,0.0,0
2021-07-02,322.389,76,49,0.0,0.0,0
2021-07-03,409.854,81,50,0.0,0.0,0
2021-07-04,204.594,77,57,1.36,0.0,0
2021-07-05,267.119,83,52,0.04,0.0,0
2021-07-06,303.364,87,55,0.19,0.0,0
2021-07-07,397.554,85,57,0.0,0.0,0
2021-07-08,310.609,86,56,0.0,0.0,0
2021-07-09,365.328,83,59,0.0,0.0,0
2021-07-10,338.425,87,56,0.2,0.0,0
2021-07-11,327.378,98,56,0.0,0.0,0
2021-07-12,217.103,94,67,0.0,0.0,0
2021-07-13,247.253,91,58,0.0,0.0,0
2021-07-14,344.003,84,52,0.0,0.0,0
2021-07-15,379.534,88,52,0.0,0.0,0
2021-07-16,438.651,87,62,0.15,0.0,0
2021-07-17,471.49,78,58,0.01,0.0,0
2021-07-18,531.647,82,52,0.02,0.0,0
2021-07-19,374.514,90,54,0.0,0.0,0
2021-07-20,438.954,91,56,0.0,0.0,0
2021-07-21,388.583,91,56,0.0,0.0,0
2021-07-22,351.303,92,58,0.0,0.0,0
2021-07-23,390.2,93,56,0.0,0.0,0
2021-07-24,505.747,89,61,0.0,0.0,0
2021-07-25,382.573,94,61,0.0,0.0,0
2021-07-26,321.565,93,65,0.12,0.0,0
2021-07-27,339.871,86,62,0.01,0.0,0
2021-07-28,246.455,90,61,0.0,0.0,0
2021-07-29,319.429,91,56,0.6,0.0,0
2021-07-30,324.43,93,55,0.0,0.0,0
2021-07-31,273.307,95,58,0.0,0.0,0
2021-08-01,311.504,89,58,0.0,0.0,0
2021-08-02,240.326,91,61,0.02,0.0,0
2021-08-03,319.486,76,61,0.48,0.0,0
2021-08-04,277.903,80,56,0.0,0.0,0
2021-08-05,253.176,85,54,0.0,0.0,0
2021-08-06,503.891,82,62,0.03,0.0,0
2021-08-07,355.188,81,60,0.09,0.0,0
2021-08-08,221.304,91,54,0.0,0.0,0
2021-08-09,244.227,90,53,0.03,0.0,0
2021-08-10,258.804,81,57,0.0,0.0,0
2021-08-11,267.051,91,57,0.0,0.0,0
2021-08-12,447.482,94,59,0.0,0.0,0
2021-08-13,235.118,94,56,0.0,0.0,0
2021-08-14,348.886,93,57,0.0,0.0,0
2021-08-15,304.754,86,60,0.0,0.0,0
2021-08-16,251.025,84,55,0.0,0.0,0
2021-08-17,268.918,93,56,0.0,0.0,0
2021-08-18,336.415,89,62,0.03,0.0,0
2021-08-19,367.305,91,56,0.0,0.0,0
2021-08-20,409.95,95,56,0.0,0.0,0
2021-08-21,428.898,92,59,0.0,0.0,0
2021-08-22,294.787,82,61,0.28,0.0,0
2021-08-23,316.065,79,49,0.09,0.0,0
2021-08-24,375.429,82,50,0.06,0.0,0
2021-08-25,413.23,90,52,0.0,0.0,0
2021-08-26,251.477,90,56,0.0,0.0,0
2021-08-27,335.67,93,56,0.0,0.0,0
2021-08-28,420.272,88,57,0.0,0.0,0
2021-08-29,385.706,83,55,0.05,0.0,0
2021-08-30,188.924,91,56,0.0,0.0,0
2021-08-31,320.813,89,57,0.0,0.0,0
2021-09-01,330.733,83,57,0.0,0.0,0
2021-09-02,395.002,91,51,0.0,0.0,0
2021-09-03,316.672,94,55,0.0,0.0,0
2021-09-04,377.412,87,57,0.0,0.0,0
2021-09-05,237.561,82,58,0.0,0.0,0
2021-09-06,282.982,81,60,0.04,0.0,0
2021-09-07,283.207,84,50,0.0,0.0,0
2021-09-08,326.775,87,50,0.0,0.0,0
2021-09-09,300.285,95,52,0.0,0.0,0
2021-09-10,448.537,86,55,0.0,0.0,0
2021-09-11,335.086,87,49,0.0,0.0,0
2021-09-12,326.323,95,49,0.0,0.0,0
2021-09-13,278.136,99,55,0.0,0.0,0
2021-09-14,390.46,95,61,0.03,0.0,0
2021-09-15,324.189,85,57,0.03,0.0,0
2021-09-16,286.787,83,55,0.0,0.0,0
2021-09-17,360.953,78,57,0.0,0.0,0
2021-09-18,442.585,90,48,0.0,0.0,0
2021-09-19,254.512,91,57,0.0,0.0,0
2021-09-20,422.838,74,44,0.0,0.0,0
2021-09-21,404.765,91,43,0.0,0.0,0
2021-09-22,302.043,88,68,0.0,0.0,0
2021-09-23,248.843,79,53,0.0,0.0,0
2021-09-24,375.601,66,37,0.08,0.0,0
2021-09-25,292.176,79,39,0.0,0.0,0
2021-09-26,309.905,83,50,0.0,0.0,0
2021-09-27,230.642,73,45,0.0,0.0,0
2021-09-28,232.957,87,42,0.0,0.0,0
2021-09-29,291.564,90,53,0.0,0.0,0
2021-09-30,266.856,88,45,0.0,0.0,0
2021-10-01,355.003,82,57,0.0,0.0,0
2021-10-02,357.363,71,52,0.31,0.0,0
2021-10-03,269.647,54,42,0.05,0.0,0
2021-10-04,233.093,67,41,0.0,0.0,0
2021-10-05,304.323,72,43,0.0,0.0,0
2021-10-06,356.259,79,43,0.0,0.0,0
2021-10-07,321.947,82,47,0.0,0.0,0
2021-10-08,314.791,83,43,0.0,0.0,0
2021-10-09,279.443,77,43,0.0,0.0,0
2021-10-10,274.134,79,48,0.0,0.0,0
2021-10-11,318.048,76,46,0.0,0.0,0
2021-10-12,307.487,68,48,0.0,0.0,0
2021-10-13,250.329,70,38,0.0,0.0,0
2021-10-14,378.534,70,38,0.0,0.0,0
2021-10-15,432.357,54,38,0.04,0.0,0
2021-10-16,489.268,61,33,0.08,0.0,0
2021-10-17,326.35,50,30,0.02,0.0,0
2021-10-18,428.8,56,26,0.0,0.0,0
2021-10-19,279.522,71,31,0.0,0.0,0
2021-10-20,358.348,75,35,0.0,0.0,0
2021-10-21,402.891,76,43,0.0,0.0,0
2021-10-22,339.51,65,37,0.0,0.0,0
2021-10-23,304.295,65,27,0.0,0.0,0
2021-10-24,183.087,63,34,0.0,0.0,0
2021-10-25,300.484,75,34,0.0,0.0,0
2021-10-26,319.617,73,39,0.0,0.0,0
2021-10-27,274.74,70,36,0.0,0.0,0
2021-10-28,342.396,73,36,0.0,0.0,0
2021-10-29,318.337,71,38,0.02,0.0,0
2021-10-30,271.849,59,32,0.0,0.0,0
2021-10-31,173.265,59,34,0.0,0.0,0
2021-11-01,219.597,76,36,0.0,0.0,0
2021-11-02,313.976,76,43,0.0,0.0,0
2021-11-03,271.808,55,36,0.01,0.0,0
2021-11-04,378.38,39,33,0.01,0.0,0
2021-11-05,387.905,44,33,0.01,0.0,0
2021-11-06,281.193,61,35,0.01,0.0,0
2021-11-07,377.669,70,32,0.0,0.0,0
2021-11-08,215.072,75,45,0.0,0.0,0
2021-11-09,272.466,75,35,0.0,0.0,0
2021-11-10,325.606,78,44,0.0,0.0,0
2021-11-11,269.743,55,31,0.0,0.0,0
2021-11-12,386.032,55,28,0.0,0.0,0
2021-11-13,317.476,57,37,0.0,0.0,0
2021-11-14,290.477,55,26,0.0,0.0,0
2021-11-15,293.644,56,24,0.0,0.0,0
2021-11-16,325.959,67,39,0.0,0.0,0
2021-11-17,309.385,66,31,0.0,0.0,0
2021-11-18,443.207,73,53,0.0,0.0,0
2021-11-19,356.836,72,56,0.0,0.0,0
2021-11-20,363.234,59,24,0.02,0.3,0
2021-11-21,369.595,51,16,0.0,0.0,0
2021-11-22,319.095,66,29,0.0,0.0,0
2021-11-23,320.551,58,35,0.0,0.0,0
2021-11-24,229.207,58,25,0.0,0.0,0
2021-11-25,123.851,70,31,0.0,0.0,0
2021-11-26,271.067,70,33,0.0,0.0,0
2021-11-27,203.999,57,32,0.01,0.2,0
2021-11-28,275.529,61,17,0.01,0.2,0
2021-11-29,280.653,72,34,0.0,0.0,0
2021-11-30,209.82,58,34,0.0,0.0,0
2021-12-01,280.09000000000003,67,28,0.0,0.0,0
2021-12-02,380.878,74,47,0.0,0.0,0
2021-12-03,333.849,59,36,0.0,0.0,0
2021-12-04,475.337,72,42,0.0,0.0,0
2021-12-05,201.193,72,40,0.0,0.0,0
2021-12-06,269.223,61,33,0.0,0.0,0
2021-12-07,290.688,69,28,0.0,0.0,0
2021-12-08,234.449,64,31,0.0,0.0,0
2021-12-09,304.018,31,14,0.0,0.0,0
2021-12-10,378.434,56,21,0.0,0.0,0
2021-12-11,374.923,56,25,0.0,0.0,0
2021-12-12,394.813,51,38,0.0,0.0,0
2021-12-13,282.788,42,24,0.09,1.0,1
2021-12-14,366.102,49,16,0.0,0.0,0
2021-12-15,218.562,65,33,0.0,0.0,0
2021-12-16,490.641,56,28,0.0,0.0,0
2021-12-17,336.814,62,31,0.0,0.0,0
2021-12-18,368.482,56,31,0.03,0.0,0
2021-12-19,258.88,46,31,0.0,0.0,0
2021-12-20,308.397,45,26,0.0,0.0,0
2021-12-21,358.638,39,7,0.0,0.0,0
2021-12-22,357.747,62,18,0.0,0.0,0
2021-12-23,225.727,62,33,0.0,0.0,0
2021-12-24,94.747,63,25,0.0,0.0,0
2021-12-25,223.794,63,32,0.0,0.0,0
2021-12-26,170.814,63,41,0.0,0.0,0
2021-12-27,252.579,55,38,0.04,0.0,0
2021-12-28,236.852,54,34,0.0,0.0,0
2021-12-29,320.943,52,23,0.0,0.0,0
2021-12-30,242.844,44,21,0.0,0.0,0
2021-12-31,179.949,37,23,0.0,0.0,0
2022-01-01,121.937,33,10,0.0,0.0,0
2022-01-02,261.85,44,16,0.0,0.0,0
2022-01-03,220.058,44,25,0.26,4.1,4
2022-01-04,198.097,25,5,0.43,7.1,9
2022-01-05,410.371,50,-4,0.0,0.0,6
2022-01-06,147.473,51,22,0.0,0.0,4
2022-01-07,308.027,49,30,0.0,0.0,3
2022-01-08,366.583,36,11,0.17,2.6,6
2022-01-09,294.54200000000003,20,0,0.33,5.1,8
2022-01-10,296.2,63,7,0.0,0.0,6
2022-01-11,355.725,58,39,0.0,0.0,4
2022-01-12,474.208,40,19,0.0,0.0,4
2022-01-13,411.584,54,19,0.0,0.0,4
2022-01-14,314.157,56,27,0.0,0.0,3
2022-01-15,406.935,57,28,0.0,0.0,3
2022-01-16,402.636,59,40,0.0,0.0,2
2022-01-17,225.374,53,31,0.03,0.3,2
2022-01-18,399.609,50,15,0.0,0.0,2
2022-01-19,269.739,60,35,0.0,0.0,1
2022-01-20,388.146,56,23,0.0,0.0,1
2022-01-21,465.01,50,35,0.0,0.0,1
2022-01-22,449.441,42,19,0.07,0.0,1
2022-01-23,286.078,27,15,0.01,0.0,1
2022-01-24,291.94,33,22,0.07,1.3,1
2022-01-25,293.496,44,17,0.01,0.1,1
2022-01-26,279.279,53,22,0.0,0.0,0
2022-01-27,502.125,47,28,0.0,0.0,0
2022-01-28,341.498,40,21,0.32,5.4,5
2022-01-29,462.029,38,6,0.0,0.0,4
2022-01-30,472.962,31,20,0.12,3.2,6
2022-01-31,313.833,51,9,0.0,0.0,4
2022-02-01,327.139,57,27,0.0,0.0,3
2022-02-02,119.868,54,22,0.0,0.0,1
2022-02-03,440.059,61,23,0.0,0.0,1
2022-02-04,393.906,51,22,0.05,0.6,1
2022-02-05,400.275,22,7,0.57,9.2,9
2022-02-06,327.919,24,-11,0.02,0.4,8
2022-02-07,300.213,40,4,0.0,0.0,7
2022-02-08,383.744,50,17,0.0,0.0,5
2022-02-09,271.565,39,20,0.0,0.0,5
2022-02-10,324.463,54,20,0.0,0.0,3
2022-02-11,433.44,54,35,0.0,0.0,2
2022-02-12,475.364,56,38,0.0,0.0,2
2022-02-13,240.079,61,26,0.0,0.0,1
2022-02-14,272.339,49,26,0.37,5.6,6
2022-02-15,447.66,39,7,0.32,4.5,7
2022-02-16,282.978,59,19,0.0,0.0,3
2022-02-17,347.329,55,25,0.0,0.0,2
2022-02-18,291.209,60,36,0.0,0.0,2
2022-02-19,323.573,51,21,0.13,1.7,3
2022-02-20,311.289,34,5,0.35,5.6,5
2022-02-21,165.303,45,19,0.0,0.0,3
2022-02-22,227.514,57,23,0.0,0.0,3
2022-02-23,175.381,62,34,0.0,0.0,1
2022-02-24,381.094,57,18,0.0,0.0,1
2022-02-25,369.646,18,-2,0.19,2.9,3
2022-02-26,393.677,11,-4,0.13,1.6,4
2022-02-27,453.5,25,1,0.04,0.7,3
2022-02-28,342.738,26,2,0.0,0.0,3
2022-03-01,474.106,36,6,0.0,0.0,3
2022-03-02,239.3,55,15,0.0,0.0,1
2022-03-03,489.862,66,32,0.0,0.0,0
2022-03-04,411.736,0,0,0.0,0.0,0
2022-03-05,312.078,70,41,0.0,0.0,0
2022-03-06,217.261,66,38,0.0,0.0,0
2022-03-07,466.398,69,39,0.0,0.0,0
2022-03-08,382.957,68,31,0.0,0.0,0
2022-03-09,320.901,56,27,0.05,0.1,0
2022-03-10,515.126,29,18,0.14,5.3,3
2022-03-11,522.005,29,5,0.05,0.8,1
2022-03-12,558.889,41,11,0.0,0.0,0
2022-03-13,356.57800000000003,34,10,0.15,4.1,4
2022-03-14,406.747,22,2,0.06,0.8,2
2022-03-15,307.588,33,2,0.0,0.0,1
2022-03-16,297.647,56,17,0.0,0.0,0
2022-03-17,269.192,61,31,0.0,0.0,0
2022-03-18,568.365,56,29,0.0,0.0,0
2022-03-19,580.385,69,29,0.0,0.0,0
2022-03-20,380.468,63,42,0.01,0.0,0
2022-03-21,288.8,45,30,0.97,4.8,4
2022-03-22,308.543,52,19,0.01,0.3,0
2022-03-23,339.702,60,28,0.0,0.0,0
2022-03-24,489.646,66,31,0.0,0.0,0
2022-03-25,316.093,57,29,0.04,0.5,0
2022-03-26,547.7860000000001,47,22,0.0,0.0,0
2022-03-27,301.374,58,22,0.0,0.0,0
2022-03-28,307.404,67,30,0.0,0.0,0
2022-03-29,393.585,62,39,0.0,0.0,0
2022-03-30,355.923,78,36,0.0,0.0,0
2022-03-31,412.812,73,32,0.0,0.0,0
2022-04-01,399.783,77,43,0.0,0.0,0
2022-04-02,538.779,70,43,0.19,0.0,0
2022-04-03,255.975,51,30,0.0,0.0,0
2022-04-04,452.154,65,26,0.0,0.0,0
2022-04-05,259.661,60,39,0.0,0.0,0
2022-04-06,392.299,68,27,0.0,0.0,0
2022-04-07,459.462,66,40,0.0,0.0,0
2022-04-08,442.515,69,29,0.0,0.0,0
2022-04-09,580.967,64,44,0.0,0.0,0
2022-04-10,338.102,49,28,0.0,0.0,0
2022-04-11,539.256,58,27,0.0,0.0,0
2022-04-12,367.894,69,24,0.0,0.0,0
2022-04-13,474.185,78,45,0.0,0.0,0
2022-04-14,392.618,70,34,0.12,0.0,0
2022-04-15,516.54,59,25,0.0,0.0,0
2022-04-16,397.37,58,38,0.0,0.0,0
2022-04-17,350.797,39,12,0.0,0.0,0
2022-04-18,581.5070000000001,57,20,0.0,0.0,0
2022-04-19,441.423,65,35,0.0,0.0,0
2022-04-20,344.208,55,28,0.0,0.0,0
2022-04-21,527.991,63,28,0.0,0.0,0
2022-04-22,345.124,59,24,0.0,0.0,0
2022-04-23,383.798,82,32,0.0,0.0,0
2022-04-24,298.255,73,45,0.0,0.0,0
2022-04-25,429.35,78,37,0.0,0.0,0
2022-04-26,512.557,85,38,0.0,0.0,0
2022-04-27,456.418,67,30,0.0,0.0,0
2022-04-28,395.344,52,31,0.0,0.0,0
2022-04-29,405.681,55,30,0.0,0.0,0
2022-04-30,489.883,74,30,0.0,0.0,0
2022-05-01,416.09,74,43,0.0,0.0,0
2022-05-02,358.131,75,40,0.0,0.0,0
2022-05-03,480.343,69,43,0.0,0.0,0
2022-05-04,343.574,65,37,0.0,0.0,0
2022-05-05,401.928,64,32,0.0,0.0,0
2022-05-06,609.761,53,35,0.41,0.0,0
2022-05-07,406.093,52,36,0.0,0.0,0
2022-05-08,480.798,52,37,0.96,0.0,0
2022-05-09,470.538,71,35,0.0,0.0,0
2022-05-10,430.276,81,46,0.0,0.0,0
2022-05-11,410.615,86,47,0.0,0.0,0
2022-05-12,394.005,80,40,0.0,0.0,0
2022-05-13,710.5600000000001,71,44,0.0,0.0,0
2022-05-14,395.798,71,40,0.0,0.0,0
2022-05-15,368.067,87,42,0.0,0.0,0
2022-05-16,342.545,80,48,0.0,0.0,0
2022-05-17,428.987,75,46,0.0,0.0,0
2022-05-18,439.208,80,49,0.0,0.0,0
2022-05-19,397.731,77,47,0.0,0.0,0
2022-05-20,223.37,87,43,0.0,0.0,0
2022-05-21,385.797,85,49,0.0,0.0,0
2022-05-22,543.824,84,48,0.0,0.0,0
2022-05-23,375.007,86,45,0.0,0.0,0
2022-05-24,443.232,84,32,0.63,3.8,4
2022-05-25,531.143,45,32,0.58,4.5,1
2022-05-26,493.436,58,30,0.0,0.0,0
2022-05-27,452.52,61,37,0.01,0.0,0
2022-05-28,542.028,56,38,0.22,0.0,0
2022-05-29,542.446,71,34,0.01,0.0,0
2022-05-30,461.703,82,40,0.0,0.0,0
2022-05-31,470.688,87,50,0.0,0.0,0
2022-06-01,493.015,82,51,0.0,0.0,0
2022-06-02,575.226,79,51,0.15,0.0,0
2022-06-03,376.743,64,44,0.06,0.0,0
2022-06-04,572.12,63,38,0.16,0.0,0
2022-06-05,503.33,54,39,0.58,0.0,0
2022-06-06,364.652,69,39,0.0,0.0,0
2022-06-07,436.897,73,45,0.06,0.0,0
2022-06-08,529.428,83,44,0.0,0.0,0
2022-06-09,474.952,80,52,0.0,0.0,0
2022-06-10,543.3580000000001,76,51,0.04,0.0,0
2022-06-11,436.565,79,50,0.0,0.0,0
2022-06-12,540.869,77,49,0.0,0.0,0
2022-06-13,544.958,88,50,0.0,0.0,0
2022-06-14,693.889,90,48,0.0,0.0,0
2022-06-15,729.001,99,58,0.0,0.0,0
2022-06-16,565.6030000000001,96,60,0.05,0.0,0
2022-06-17,416.924,95,65,0.0,0.0,0
2022-06-18,675.901,90,52,0.0,0.0,0
2022-06-19,481.249,87,45,0.0,0.0,0
2022-06-20,344.732,91,52,0.0,0.0,0
2022-06-21,440.167,91,58,0.0,0.0,0
2022-06-22,626.465,90,61,0.0,0.0,0
2022-06-23,418.143,87,63,0.0,0.0,0
2022-06-24,359.17,87,57,0.0,0.0,0
2022-06-25,661.297,85,47,0.0,0.0,0
2022-06-26,403.38,82,49,0.0,0.0,0
2022-06-27,461.46,91,51,0.0,0.0,0
2022-06-28,585.31,89,60,0.11,0.0,0
2022-06-29,588.682,72,53,0.0,0.0,0
2022-06-30,512.07,68,56,0.01,0.0,0
2022-07-01,520.901,85,48,0.0,0.0,0
2022-07-02,505.83,91,52,0.0,0.0,0
2022-07-03,474.458,92,60,0.01,0.0,0
2022-07-04,319.338,82,63,0.08,0.0,0
2022-07-05,352.365,84,51,0.0,0.0,0
2022-07-06,462.851,89,54,0.0,0.0,0
2022-07-07,515.178,88,57,0.02,0.0,0
2022-07-08,497.607,92,58,0.0,0.0,0
2022-07-09,539.381,88,58,0.0,0.0,0
2022-07-10,459.962,86,63,0.09,0.0,0
2022-07-11,455.361,90,53,0.11,0.0,0
2022-07-12,584.821,94,55,0.0,0.0,0
2022-07-13,486.132,99,58,0.03,0.0,0
2022-07-14,539.694,98,59,0.02,0.0,0
2022-07-15,471.516,81,60,0.1,0.0,0
2022-07-16,666.188,93,54,0.0,0.0,0
2022-07-17,593.497,96,56,0.0,0.0,0
2022-07-18,316.733,96,67,0.02,0.0,0
2022-07-19,379.317,89,62,0.01,0.0,0
2022-07-20,568.434,91,62,0.17,0.0,0
2022-07-21,514.073,97,58,0.0,0.0,0
2022-07-22,637.251,99,65,0.0,0.0,0
2022-07-23,620.022,100,71,0.0,0.0,0
2022-07-24,451.606,94,61,0.13,0.0,0
2022-07-25,629.554,94,57,0.0,0.0,0
2022-07-26,461.747,97,65,0.0,0.0,0
2022-07-27,502.929,96,67,0.09,0.0,0
2022-07-28,418.319,78,57,0.49,0.0,0
2022-07-29,389.422,89,56,0.02,0.0,0
2022-07-30,654.377,88,57,0.0,0.0,0
2022-07-31,504.582,86,58,0.0,0.0,0
2022-08-01,594.351,82,60,1.11,0.0,0
2022-08-02,549.749,81,58,0.03,0.0,0
2022-08-03,632.3629999999999,91,51,0.0,0.0,0
2022-08-04,421.425,90,61,0.0,0.0,0
2022-08-05,532.876,93,60,0.0,0.0,0
2022-08-06,622.127,93,66,0.0,0.0,0
2022-08-07,448.122,88,62,0.01,0.0,0
2022-08-08,434.588,95,58,0.0,0.0,0
2022-08-09,609.532,93,63,0.0,0.0,0
2022-08-10,699.5,89,64,0.12,0.0,0
2022-08-11,665.114,84,62,0.18,0.0,0
2022-08-12,655.364,87,55,0.14,0.0,0
2022-08-13,694.386,92,59,0.0,0.0,0
2022-08-14,629.76,93,60,0.0,0.0,0
2022-08-15,563.143,94,59,0.0,0.0,0
2022-08-16,518.498,91,61,0.0,0.0,0
2022-08-17,677.126,90,61,0.0,0.0,0
2022-08-18,569.319,88,61,0.01,0.0,0
2022-08-19,632.056,80,62,0.22,0.0,0
2022-08-20,647.875,71,61,0.59,0.0,0
2022-08-21,480.75,83,53,0.0,0.0,0
2022-08-22,483.519,86,53,0.0,0.0,0
2022-08-23,671.512,84,56,0.0,0.0,0
2022-08-24,503.387,78,57,0.16,0.0,0
2022-08-25,568.38,78,53,0.0,0.0,0
2022-08-26,671.412,84,53,0.0,0.0,0
2022-08-27,603.593,86,54,0.0,0.0,0
2022-08-28,529.463,85,53,0.0,0.0,0
2022-08-29,606.583,85,55,0.02,0.0,0
2022-08-30,481.476,81,57,0.0,0.0,0
2022-08-31,559.693,91,56,0.0,0.0,0
2022-09-01,518.305,94,69,0.0,0.0,0
2022-09-02,650.993,86,53,0.0,0.0,0
2022-09-03,613.069,91,54,0.0,0.0,0
2022-09-04,584.598,90,57,0.01,0.0,0
2022-09-05,451.135,94,53,0.0,0.0,0
2022-09-06,339.176,93,60,0.0,0.0,0
2022-09-07,575.575,90,54,0.0,0.0,0
2022-09-08,580.333,95,54,0.0,0.0,0
2022-09-09,494.903,95,60,0.0,0.0,0
2022-09-10,664.422,96,59,0.0,0.0,0
2022-09-11,537.623,95,57,0.0,0.0,0
2022-09-12,441.012,97,61,0.0,0.0,0
2022-09-13,626.632,82,50,0.07,0.0,0
2022-09-14,519.229,55,45,0.91,0.0,0
2022-09-15,590.898,75,39,0.0,0.0,0
2022-09-16,534.817,87,46,0.0,0.0,0
2022-09-17,704.122,82,50,0.0,0.0,0
2022-09-18,530.835,80,57,0.0,0.0,0
2022-09-19,440.797,78,52,0.0,0.0,0
2022-09-20,485.268,78,47,0.01,0.0,0
2022-09-21,429.222,80,51,0.0,0.0,0
2022-09-22,542.054,82,47,0.02,0.0,0
2022-09-23,596.452,90,50,0.0,0.0,0
2022-09-24,705.872,90,57,0.0,0.0,0
2022-09-25,549.792,79,52,0.17,0.0,0
2022-09-26,465.415,59,47,0.22,0.0,0
2022-09-27,603.025,81,47,0.01,0.0,0
2022-09-28,438.638,81,47,0.0,0.0,0
2022-09-29,432.0,73,43,0.0,0.0,0
2022-09-30,568.364,82,44,0.0,0.0,0
2022-10-01,472.361,80,48,0.0,0.0,0
2022-10-02,492.109,82,45,0.0,0.0,0
2022-10-03,618.529,82,54,0.01,0.0,0
2022-10-04,568.413,79,50,0.07,0.0,0
2022-10-05,637.623,71,46,0.13,0.0,0
2022-10-06,570.624,74,46,0.0,0.0,0
2022-10-07,682.47,74,46,0.09,0.0,0
2022-10-08,585.308,65,42,0.0,0.0,0
2022-10-09,563.189,70,42,0.0,0.0,0
2022-10-10,644.054,72,41,0.0,0.0,0
2022-10-11,550.485,57,38,0.04,0.0,0
2022-10-12,695.17,66,36,0.0,0.0,0
2022-10-13,626.512,73,37,0.0,0.0,0
2022-10-14,674.832,78,40,0.0,0.0,0
2022-10-15,722.516,78,49,0.0,0.0,0
2022-10-16,469.944,71,36,0.0,0.0,0
2022-10-17,584.796,66,35,0.0,0.0,0
2022-10-18,589.358,78,42,0.0,0.0,0
2022-10-19,500.221,65,40,0.0,0.0,0
2022-10-20,440.332,59,43,0.0,0.0,0
2022-10-21,545.372,65,32,0.0,0.0,0
2022-10-22,540.999,69,32,0.0,0.0,0
2022-10-23,392.671,77,39,0.0,0.0,0
2022-10-24,750.568,82,39,0.0,0.0,0
2022-10-25,615.229,77,49,0.0,0.0,0
2022-10-26,576.902,77,48,0.0,0.0,0
2022-10-27,686.693,67,45,0.0,0.0,0
2022-10-28,576.359,53,30,0.02,0.0,0
2022-10-29,562.619,61,38,0.0,0.0,0
2022-10-30,536.001,57,33,0.0,0.0,0
2022-10-31,572.933,51,33,0.24,0.1,0
2022-11-01,441.394,59,27,0.0,0.0,0
2022-11-02,393.496,61,30,0.0,0.0,0
2022-11-03,455.343,61,31,0.0,0.0,0
2022-11-04,594.575,70,32,0.0,0.0,0
2022-11-05,706.0,71,34,0.0,0.0,0
2022-11-06,458.644,69,45,0.0,0.0,0
2022-11-07,519.767,51,32,0.24,3.0,3
2022-11-08,584.143,44,24,0.27,3.7,3
2022-11-09,464.088,57,32,0.0,0.0,0
2022-11-10,483.244,54,36,0.0,0.0,0
2022-11-11,561.603,52,25,0.0,0.0,0
2022-11-12,570.185,68,33,0.0,0.0,0
2022-11-13,593.283,49,24,0.0,0.0,0
2022-11-14,546.347,51,29,0.0,0.0,0
2022-11-15,497.014,37,14,0.0,0.0,0
2022-11-16,702.564,45,15,0.0,0.0,0
2022-11-17,452.819,50,21,0.0,0.0,0
2022-11-18,371.419,39,16,0.0,0.0,0
2022-11-19,484.553,35,21,0.14,3.5,0
2022-11-20,474.278,40,17,0.0,0.0,0
2022-11-21,441.404,32,20,0.12,3.3,3
2022-11-22,453.514,24,11,0.34,5.6,6
2022-11-23,375.69,41,5,0.0,0.0,4
2022-11-24,359.502,47,13,0.0,0.0,4
2022-11-25,309.687,50,21,0.0,0.0,2
2022-11-26,556.76,51,25,0.0,0.0,2
2022-11-27,517.187,50,27,0.0,0.0,2
2022-11-28,497.329,45,23,0.0,0.0,2
2022-11-29,386.44,59,24,0.0,0.0,1
2022-11-30,639.369,59,30,0.0,0.0,0
2022-12-01,695.6419999999999,49,32,0.01,0.0,0
2022-12-02,520.693,55,36,0.0,0.0,0
2022-12-03,721.569,44,15,0.3,5.5,4
2022-12-04,397.48,29,7,0.0,0.0,3
2022-12-05,414.364,56,14,0.0,0.0,1
2022-12-06,606.401,56,32,0.0,0.0,0
2022-12-07,573.463,54,13,0.0,0.0,0
2022-12-08,548.4350000000001,55,28,0.0,0.0,0
2022-12-09,599.756,57,30,0.0,0.0,0
2022-12-10,483.655,51,26,0.0,0.0,0
2022-12-11,531.6560000000001,50,24,0.0,0.0,0
2022-12-12,387.628,44,20,0.0,0.0,0
2022-12-13,546.376,52,12,0.0,0.0,0
2022-12-14,690.582,53,20,0.0,0.0,0
2022-12-15,669.19,61,26,0.0,0.0,0
2022-12-16,453.543,54,31,0.0,0.0,0
2022-12-17,539.308,41,22,0.0,0.0,0
2022-12-18,432.691,40,18,0.0,0.0,0
2022-12-19,289.34,33,17,0.0,0.0,0
2022-12-20,570.8380000000001,32,10,0.0,0.0,0
2022-12-21,592.057,38,13,0.0,0.0,0
2022-12-22,375.715,41,13,0.0,0.0,0
2022-12-23,353.789,45,10,0.0,0.0,0
2022-12-24,321.285,50,19,0.0,0.0,0
2022-12-25,200.866,47,6,0.0,0.0,0
2022-12-26,344.918,7,-18,0.55,6.2,6
2022-12-27,365.018,12,-14,0.0,0.0,5
2022-12-28,339.833,51,-2,0.0,0.0,4
2022-12-29,399.673,53,17,0.0,0.0,2
2022-12-30,557.438,49,28,0.0,0.0,2
2022-12-31,328.483,62,32,0.0,0.0,0
2023-01-01,398.459,57,41,0.0,0.0,0
2023-01-02,340.527,41,21,1.26,9.3,9
2023-01-03,564.097,37,19,0.0,0.0,8
2023-01-04,597.998,53,23,0.0,0.0,6
2023-01-05,742.898,40,28,0.0,0.0,6
2023-01-06,1218.733,31,26,0.11,0.9,7
2023-01-07,1324.622,26,16,0.06,0.7,7
2023-01-08,1366.556,37,13,0.0,0.0,6
2023-01-09,1313.454,38,13,0.0,0.0,6
2023-01-10,1099.716,48,19,0.0,0.0,6
2023-01-11,1494.197,45,24,0.0,0.0,6
2023-01-12,570.232,57,21,0.0,0.0,5
2023-01-13,569.9110000000001,52,32,0.0,0.0,5
2023-01-14,516.948,56,32,0.0,0.0,2
2023-01-15,516.38,51,32,0.01,0.0,2
2023-01-16,439.363,49,22,0.0,0.0,2
2023-01-17,711.727,52,25,0.0,0.0,1
2023-01-18,148.69899999999998,62,34,0.0,0.0,0
2023-01-19,501.36,53,33,0.0,0.0,0
2023-01-20,606.797,48,26,0.0,0.0,0
2023-01-21,393.18,43,22,0.0,0.0,0
2023-01-22,299.11,31,22,0.58,5.8,5
2023-01-23,630.014,38,18,0.0,0.0,5
2023-01-24,435.433,32,18,0.0,0.0,4
2023-01-25,704.226,32,13,0.0,0.0,4
2023-01-26,376.435,40,16,0.0,0.0,4
2023-01-27,680.882,34,24,0.01,0.2,3
2023-01-28,417.543,35,16,0.0,0.0,3
2023-01-29,298.02,33,16,0.0,0.0,3
2023-01-30,355.312,40,14,0.0,0.0,3
2023-01-31,530.197,46,26,0.0,0.0,2
2023-02-01,638.994,41,21,0.0,0.0,2
2023-02-02,656.099,25,1,0.08,1.1,3
2023-02-03,541.797,9,-7,0.03,0.5,3
2023-02-04,468.666,30,-4,0.0,0.1,3
2023-02-05,513.321,46,8,0.0,0.0,3
2023-02-06,1244.011,49,19,0.0,0.0,2
2023-02-07,1422.486,61,24,0.0,0.0,2
2023-02-08,1547.561,54,32,0.0,0.0,1
2023-02-09,1636.307,49,27,0.0,0.0,0
2023-02-10,1072.456,48,28,0.0,0.0,0
2023-02-11,1447.998,48,23,0.0,0.0,0
2023-02-12,397.242,52,20,0.0,0.0,0
2023-02-13,559.736,38,19,0.0,0.0,0
2023-02-14,429.178,50,10,0.0,0.0,0
2023-02-15,516.11,57,24,0.0,0.0,0
2023-02-16,661.0840000000001,49,30,0.0,0.0,0
2023-02-17,866.39,58,24,0.0,0.0,0
2023-02-18,483.069,50,33,0.0,0.0,0
2023-02-19,450.736,33,13,0.28,9.1,7
2023-02-20,482.773,31,2,0.07,1.5,5
2023-02-21,623.349,55,11,0.0,0.0,2
2023-02-22,374.406,54,32,0.0,0.0,1
2023-02-23,722.1659999999999,48,32,0.0,0.0,0
2023-02-24,766.223,53,31,0.0,0.0,0
2023-02-25,602.323,62,32,0.0,0.0,0
2023-02-26,469.329,48,2,0.51,6.1,5
2023-02-27,594.015,9,-13,0.05,0.6,4
2023-02-28,686.596,41,-5,0.0,0.0,3
2023-03-01,657.587,59,19,0.0,0.0,0
2023-03-02,578.185,62,27,0.0,0.0,0
2023-03-03,599.134,49,25,0.0,0.0,0
2023-03-04,819.658,49,30,0.0,0.0,0
2023-03-05,408.376,0,0,0.0,0.0,0
2023-03-06,1101.071,36,20,0.0,0.0,0
2023-03-07,1186.865,49,15,0.03,0.5,0
2023-03-08,1875.18,46,25,0.0,0.0,0
2023-03-09,1421.23,39,21,0.0,0.0,0
2023-03-10,1299.52,54,20,0.0,0.0,0
2023-03-11,1274.528,45,20,0.0,0.0,0
2023-03-12,568.24,38,26,0.01,0.0,0
2023-03-13,601.608,36,24,0.0,0.0,0
2023-03-14,562.563,54,26,0.01,0.2,0
2023-03-15,787.46,61,24,0.0,0.0,0
2023-03-16,595.05,58,36,0.0,0.0,0
2023-03-17,694.533,50,23,0.0,0.0,0
2023-03-18,628.888,52,19,0.0,0.0,0
2023-03-19,471.172,66,30,0.0,0.0,0
2023-03-20,708.884,69,38,0.0,0.0,0
2023-03-21,544.8820000000001,54,25,0.05,0.5,0
2023-03-22,618.128,42,19,0.0,0.0,0
2023-03-23,681.578,46,13,0.0,0.0,0
2023-03-24,558.021,55,16,0.0,0.0,0
2023-03-25,390.269,53,32,0.0,0.0,0
2023-03-26,425.884,57,27,0.0,0.0,0
2023-03-27,241.572,49,30,0.04,0.2,0
2023-03-28,467.394,50,26,0.0,0.0,0
2023-03-29,581.186,55,23,0.0,0.0,0
2023-03-30,348.621,46,23,0.03,0.3,0
2023-03-31,464.25,40,19,0.0,0.0,0
2023-04-01,582.655,35,23,0.18,2.6,1
2023-04-02,445.594,48,14,0.0,0.0,0
2023-04-03,538.244,49,26,0.0,0.0,0
2023-04-04,695.619,65,25,0.0,0.0,0
2023-04-05,899.835,51,33,0.0,0.0,0
2023-04-06,953.168,65,32,0.0,0.0,0
2023-04-07,1150.436,67,44,0.0,0.0,0
2023-04-08,1401.795,57,32,0.0,0.0,0
2023-04-09,1099.062,51,22,0.33,4.6,4
2023-04-10,1449.734,42,8,0.08,1.4,1
2023-04-11,1478.765,52,21,0.0,0.0,0
2023-04-12,708.293,65,25,0.0,0.0,0
2023-04-13,714.113,67,35,0.0,0.0,0
2023-04-14,555.523,69,35,0.0,0.0,0
2023-04-15,699.362,75,34,0.0,0.0,0
2023-04-16,645.995,84,39,0.0,0.0,0
2023-04-17,664.283,82,50,0.0,0.0,0
2023-04-18,664.581,76,54,0.0,0.0,0
2023-04-19,552.06,64,33,0.26,0.2,0
2023-04-20,568.131,51,28,0.08,0.3,0
2023-04-21,626.851,62,26,0.0,0.0,0
2023-04-22,463.022,72,35,0.0,0.0,0
2023-04-23,751.114,76,41,0.0,0.0,0
2023-04-24,779.172,69,39,0.0,0.0,0
2023-04-25,540.779,50,26,0.0,0.0,0
2023-04-26,733.025,52,30,0.0,0.0,0
2023-04-27,597.351,45,24,0.38,3.4,3
2023-04-28,909.993,56,19,0.0,0.0,0
2023-04-29,635.22,65,32,0.0,0.0,0
2023-04-30,498.307,60,36,0.05,0.0,0
2023-05-01,593.804,57,38,0.9,0.0,0
2023-05-02,758.193,67,40,0.0,0.0,0
2023-05-03,795.5070000000001,59,32,0.19,0.0,0
2023-05-04,623.05,71,39,0.0,0.0,0
2023-05-05,718.467,69,39,0.0,0.0,0
2023-05-06,720.149,70,36,0.0,0.0,0
2023-05-07,648.717,69,39,0.0,0.0,0
2023-05-08,752.877,79,43,0.0,0.0,0
2023-05-09,742.923,73,46,0.0,0.0,0
2023-05-10,1370.174,74,43,0.08,0.0,0
2023-05-11,1339.601,69,38,0.0,0.0,0
2023-05-12,600.713,67,42,0.0,0.0,0
2023-05-13,537.595,73,39,0.0,0.0,0
2023-05-14,593.354,76,42,0.0,0.0,0
2023-05-15,642.394,75,45,0.13,0.0,0
2023-05-16,742.835,54,43,1.27,0.0,0
2023-05-17,688.224,63,46,0.93,0.0,0
2023-05-18,876.668,61,42,0.0,0.0,0
2023-05-19,616.7429999999999,61,47,0.93,0.0,0
2023-05-20,466.266,57,46,1.17,0.0,0
2023-05-21,645.265,78,43,0.0,0.0,0
2023-05-22,532.3,78,45,0.01,0.0,0
2023-05-23,672.098,68,46,0.15,0.0,0
2023-05-24,553.251,56,48,0.34,0.0,0
2023-05-25,608.449,66,45,0.0,0.0,0
2023-05-26,784.271,75,46,0.0,0.0,0
2023-05-27,580.921,75,46,0.0,0.0,0
2023-05-28,694.652,78,46,0.0,0.0,0
2023-05-29,461.497,73,47,0.23,0.0,0
2023-05-30,643.318,73,46,0.02,0.0,0
2023-05-31,736.693,69,48,0.09,0.0,0
2023-06-01,667.9145,78,46,0.13,0.0,0
2023-06-02,599.136,78,45,0.01,0.0,0
2023-06-03,563.61,81,46,0.0,0.0,0
2023-06-04,337.451,79,47,0.0,0.0,0
2023-06-05,1355.012,75,47,0.03,0.0,0
2023-06-06,668.136,71,50,0.13,0.0,0
2023-06-07,1345.364,71,50,0.5,0.0,0
2023-06-08,1378.046,69,50,0.16,0.0,0
2023-06-09,1620.612,61,52,0.79,0.0,0
2023-06-10,1511.644,69,50,0.04,0.0,0
2023-06-11,1199.516,75,45,0.0,0.0,0
2023-06-12,417.231,76,48,0.08,0.0,0
2023-06-13,682.124,77,51,0.0,0.0,0
2023-06-14,787.966,79,52,0.0,0.0,0
2023-06-15,749.367,73,46,0.0,0.0,0
2023-06-16,558.392,70,50,0.0,0.0,0
2023-06-17,797.829,66,42,1.24,0.0,0
2023-06-18,575.537,65,46,0.11,0.0,0
2023-06-19,550.455,77,44,0.07,0.0,0
2023-06-20,706.904,75,53,0.13,0.0,0
2023-06-21,906.971,71,44,0.89,0.0,0
2023-06-22,742.873,72,46,0.01,0.0,0
2023-06-23,642.552,82,47,0.0,0.0,0
2023-06-24,622.981,89,55,0.0,0.0,0
2023-06-25,626.836,86,54,0.0,0.0,0
2023-06-26,681.356,82,51,0.14,0.0,0
2023-06-27,895.032,79,53,0.53,0.0,0
2023-06-28,730.864,77,55,0.03,0.0,0
2023-06-29,729.454,84,55,0.0,0.0,0
2023-06-30,603.642,81,48,0.0,0.0,0
2023-07-01,794.975,84,50,0.0,0.0,0
2023-07-02,705.966,90,55,0.0,0.0,0
2023-07-03,529.54,86,62,0.0,0.0,0
2023-07-04,354.511,78,59,0.13,0.0,0
2023-07-05,1147.644,69,49,0.06,0.0,0
2023-07-06,1345.364,82,48,0.0,0.0,0
2023-07-07,749.416,86,52,0.0,0.0,0
2023-07-08,1199.592,91,53,0.0,0.0,0
2023-07-09,1441.532,87,60,0.02,0.0,0
2023-07-10,1492.659,71,54,0.61,0.0,0
2023-07-11,1549.43,73,56,0.08,0.0,0
2023-07-12,855.394,76,53,0.0,0.0,0
2023-07-13,983.735,78,58,0.03,0.0,0
2023-07-14,816.606,80,53,0.0,0.0,0
2023-07-15,604.562,93,54,0.0,0.0,0
2023-07-16,907.433,95,58,0.0,0.0,0
2023-07-17,672.791,91,59,0.0,0.0,0
2023-07-18,852.506,92,58,0.0,0.0,0
2023-07-19,765.246,86,61,0.0,0.0,0
2023-07-20,700.444,84,53,0.0,0.0,0
2023-07-21,588.153,88,54,0.0,0.0,0
2023-07-22,646.679,97,58,0.0,0.0,0
2023-07-23,750.922,94,62,0.0,0.0,0
2023-07-24,891.1560000000001,86,68,0.0,0.0,0
2023-07-25,789.215,78,59,0.4,0.0,0
2023-07-26,959.003,82,53,0.04,0.0,0
2023-07-27,654.681,89,52,0.1,0.0,0
2023-07-28,763.1850000000001,96,56,0.0,0.0,0
2023-07-29,808.881,97,58,0.0,0.0,0
2023-07-30,754.65,98,60,0.0,0.0,0
2023-07-31,646.197,95,67,0.08,0.0,0
